"識別碼","店家名稱","城市","行政區","地址","電話","營業時間","核對狀態","來源網址","來源更新時間","擷取時間","網頁核對時間"
"Restaurant_376430000A_000016","佳樂蛋糕","桃園市","桃園區","桃園市桃園區民生路124號","(03)3335339","","官方資料","https://data.gov.tw/dataset/7779","交通部觀光署: 2025-11-17T17:00:22+08:00","交通部觀光署: 2026-09-12T21:46:46+00:00",""
"Restaurant_376430000A_000018","正記中崎本舖","桃園市","桃園區","桃園市桃園區中正路219號","(03)3370880","","官方資料","https://data.gov.tw/dataset/7779","交通部觀光署: 2025-11-17T17:00:31+08:00","交通部觀光署: 2026-09-12T21:46:46+00:00",""
"Restaurant_376430000A_000019","郭祿食品有限公司","桃園市","桃園區","桃園市桃園區中山路252號","(03)3385156","","官方資料","https://data.gov.tw/dataset/7779","交通部觀光署: 2025-11-17T17:00:39+08:00","交通部觀光署: 2026-09-12T21:46:46+00:00",""
"Restaurant_376430000A_000024","郭記名點","桃園市","桃園區","桃園市桃園區民安路140號","(03)3355135","","官方資料","https://data.gov.tw/dataset/7779","交通部觀光署: 2026-06-04T10:38:22+08:00","交通部觀光署: 2026-09-12T21:46:46+00:00",""
"Restaurant_376430000A_000034","老賊壽司","桃園市","桃園區","桃園市桃園區中正路328號","(03)3360935","","官方資料","https://data.gov.tw/dataset/7779","交通部觀光署: 2026-06-03T16:20:33+08:00","交通部觀光署: 2026-09-12T21:46:46+00:00",""
"Restaurant_376430000A_000045","灶腳小館","桃園市","桃園區","桃園市桃園區大興路218號","(03)3571356","","官方資料","https://data.gov.tw/dataset/7779","交通部觀光署: 2026-06-04T11:02:21+08:00","交通部觀光署: 2026-09-12T21:46:46+00:00",""
"Restaurant_376430000A_000056","金河冬粉丸","桃園市","桃園區","桃園市桃園區復興路342號","(03)3377638","","官方資料","https://data.gov.tw/dataset/7779","交通部觀光署: 2026-06-04T11:13:54+08:00","交通部觀光署: 2026-09-12T21:46:46+00:00",""
"Restaurant_376430000A_000071","元發飲食店","桃園市","復興區","桃園市復興區澤仁里中山路13之1號","(03)3822860","","官方資料","https://data.gov.tw/dataset/7779","交通部觀光署: 2026-06-09T15:08:26+08:00","交通部觀光署: 2026-09-12T21:46:46+00:00",""
"Restaurant_376430000A_000073","桃園觀光夜市","桃園市","桃園區","桃園市桃園區中正路與北埔路口","(03)3322101","","官方資料","https://data.gov.tw/dataset/7779","交通部觀光署: 2026-06-04T11:15:03+08:00","交通部觀光署: 2026-09-12T21:46:46+00:00",""
"Restaurant_376430000A_000078","七號公路義式咖啡館","桃園市","復興區","桃園市復興區詩朗32號","(03)3822997","","官方資料","https://data.gov.tw/dataset/7779","交通部觀光署: 2026-06-04T11:28:07+08:00","交通部觀光署: 2026-09-12T21:46:46+00:00",""
"Restaurant_376430000A_000088","瑞士鄉村農莊","桃園市","復興區","桃園市復興區復興路三段1028之2號","(03)3822380","","官方資料","https://data.gov.tw/dataset/7779","交通部觀光署: 2026-06-05T15:23:03+08:00","交通部觀光署: 2026-09-12T21:46:46+00:00",""
"Restaurant_376430000A_000112","八方園客家餐館","桃園市","楊梅區","桃園市楊梅區校前路580號","(03)4784735","","官方資料","https://data.gov.tw/dataset/7779","交通部觀光署: 2026-06-04T11:29:25+08:00","交通部觀光署: 2026-09-12T21:46:46+00:00",""
"Restaurant_376430000A_000113","首烏客家海鮮餐廳","桃園市","楊梅區","桃園市楊梅區新成路61號","(03)4853158","","官方資料","https://data.gov.tw/dataset/7779","交通部觀光署: 2026-06-04T11:31:38+08:00","交通部觀光署: 2026-09-12T21:46:46+00:00",""
"Restaurant_376430000A_000117","阿蘭姐三代老店","桃園市","楊梅區","桃園市楊梅區大成路23號","(03)4783266","","官方資料","https://data.gov.tw/dataset/7779","交通部觀光署: 2026-06-04T11:33:02+08:00","交通部觀光署: 2026-09-12T21:46:46+00:00",""
"Restaurant_376430000A_000138","稻鄉村客家莊","桃園市","龜山區","桃園市龜山區大崗里忠義路二段118巷69號","(03)3283993","","官方資料","https://data.gov.tw/dataset/7779","交通部觀光署: 2026-06-04T11:34:32+08:00","交通部觀光署: 2026-09-12T21:46:46+00:00",""
"Restaurant_376430000A_000139","桃園酒廠","桃園市","龜山區","桃園市龜山區文化一路55號","(03)3283001","","官方資料","https://data.gov.tw/dataset/7779","交通部觀光署: 2025-11-17T17:04:28+08:00","交通部觀光署: 2026-09-12T21:46:46+00:00",""
"Restaurant_376430000A_000198","張家土雞城","桃園市","蘆竹區","桃園市蘆竹區蘆興街451號","(03)3226945","","官方資料","https://data.gov.tw/dataset/7779","交通部觀光署: 2026-06-04T11:37:08+08:00","交通部觀光署: 2026-09-12T21:46:46+00:00",""
"Restaurant_376430000A_000217","素寶齋肚臍餅","桃園市","中壢區","桃園市中壢區中美路一段3號(監理站對面)","(03)4251990","","官方資料","https://data.gov.tw/dataset/7779","交通部觀光署: 2025-11-17T17:06:25+08:00","交通部觀光署: 2026-09-12T21:46:46+00:00",""
"Restaurant_376430000A_000219","三角店客家菜包","桃園市","中壢區","桃園市中壢區中正路272號","(03)4257508","","官方資料","https://data.gov.tw/dataset/7779","交通部觀光署: 2026-06-04T11:38:14+08:00","交通部觀光署: 2026-09-12T21:46:46+00:00",""
"Restaurant_376430000A_000220","劉媽媽菜包店","桃園市","中壢區","桃園市中壢區中正路268號","(03)4225226","","官方資料","https://data.gov.tw/dataset/7779","交通部觀光署: 2026-06-05T15:20:22+08:00","交通部觀光署: 2026-09-12T21:46:46+00:00",""
"Restaurant_376430000A_000221","中原夜市商圈","桃園市","中壢區","桃園市中壢區中原大學周邊(實踐路與日新路)","(03)3322101","","官方資料","https://data.gov.tw/dataset/7779","交通部觀光署: 2025-11-05T16:41:12+08:00","交通部觀光署: 2026-09-12T21:46:46+00:00",""
"Restaurant_376430000A_000222","中壢觀光夜市","桃園市","中壢區","桃園市中壢區新民國小(桃園市中壢區中央西路2段97號)旁","(03)3322101","","官方資料","https://data.gov.tw/dataset/7779","交通部觀光署: 2026-06-04T11:40:08+08:00","交通部觀光署: 2026-09-12T21:46:46+00:00",""
"Restaurant_376430000A_000223","禪園人文花園餐廳","桃園市","中壢區","桃園市中壢區廣安街32號","(03)4250589","","官方資料","https://data.gov.tw/dataset/7779","交通部觀光署: 2026-06-04T11:42:39+08:00","交通部觀光署: 2026-09-12T21:46:46+00:00",""
"Restaurant_376430000A_000234","雲南館","桃園市","平鎮區","桃園市平鎮區平東路39號","(03)4608287","","官方資料","https://data.gov.tw/dataset/7779","交通部觀光署: 2026-06-04T11:44:30+08:00","交通部觀光署: 2026-09-12T21:46:46+00:00",""
"Restaurant_376430000A_000237","老三牛家莊","桃園市","中壢區","桃園市中壢區中平路163號","(03)4255697","","官方資料","https://data.gov.tw/dataset/7779","交通部觀光署: 2026-06-04T11:46:41+08:00","交通部觀光署: 2026-09-12T21:46:46+00:00",""
"Restaurant_376430000A_000250","復興航棧總航棧店","桃園市","大園區","桃園市大園區三民路一段568號","(03)3936999","","官方資料","https://data.gov.tw/dataset/7779","交通部觀光署: 2026-06-04T11:51:00+08:00","交通部觀光署: 2026-09-12T21:46:46+00:00",""
"Restaurant_376430000A_000316","信宏鵝肉","桃園市","新屋區","桃園市新屋區中山路404號","(03)4772226","","官方資料","https://data.gov.tw/dataset/7779","交通部觀光署: 2026-06-04T12:44:39+08:00","交通部觀光署: 2026-09-12T21:46:46+00:00",""
"Restaurant_376430000A_000327","郭鵝肉海產店","桃園市","新屋區","桃園市新屋區永安村中山西路三段960號","(03)4861612","","官方資料","https://data.gov.tw/dataset/7779","交通部觀光署: 2026-06-04T14:06:14+08:00","交通部觀光署: 2026-09-12T21:46:46+00:00",""
"Restaurant_376430000A_000339","龍情魔幻豆子主題館(慈湖店)","桃園市","大溪區","桃園市大溪區復興路一段900號(大溪慈湖經國紀念館斜對面)","(03)3870489","","官方資料","https://data.gov.tw/dataset/7779","交通部觀光署: 2026-02-03T13:46:54+08:00","交通部觀光署: 2026-09-12T21:46:46+00:00",""
"Restaurant_376430000A_000360","知味花生軟糖","桃園市","龍潭區","桃園市龍潭區中正路15號","(03)4805363","","官方資料","https://data.gov.tw/dataset/7779","交通部觀光署: 2025-12-08T17:08:02+08:00","交通部觀光署: 2026-09-12T21:46:46+00:00",""
"Restaurant_376430000A_000365","山水緣餐廳","桃園市","龍潭區","桃園市龍潭區三水里大北坑街1998巷47號","(03)4890956","","官方資料","https://data.gov.tw/dataset/7779","交通部觀光署: 2026-06-04T15:11:35+08:00","交通部觀光署: 2026-09-12T21:46:46+00:00",""
"Restaurant_376430000A_000378","全家福客家菜館三和館","桃園市","龍潭區","桃園市龍潭區三和里龍新路1016巷19號","(03)4802802","","官方資料","https://data.gov.tw/dataset/7779","交通部觀光署: 2026-06-04T15:14:21+08:00","交通部觀光署: 2026-09-12T21:46:46+00:00",""
"Restaurant_376430000A_000390","老頭擺客家菜","桃園市","龍潭區","桃園市龍潭區中正路三坑段546號","(03)4711359","","官方資料","https://data.gov.tw/dataset/7779","交通部觀光署: 2026-06-04T15:15:49+08:00","交通部觀光署: 2026-09-12T21:46:46+00:00",""
"Restaurant_376430000A_000391","大江屋客家美食館","桃園市","龍潭區","桃園市龍潭區三水里6鄰大北坑街1998巷65號","(03)4794547","","官方資料","https://data.gov.tw/dataset/7779","交通部觀光署: 2026-06-04T15:19:44+08:00","交通部觀光署: 2026-09-12T21:46:46+00:00",""
"Restaurant_376430000A_000393","石園活魚餐廳","桃園市","龍潭區","桃園市龍潭區佳安里文化路57-2號","(03)4712307","","官方資料","https://data.gov.tw/dataset/7779","交通部觀光署: 2026-06-04T15:20:55+08:00","交通部觀光署: 2026-09-12T21:46:46+00:00",""
"Restaurant_376430000A_000396","綠野鄉村湘菜館","桃園市","龍潭區","桃園市龍潭區中正路佳安段380號","(03)4714828","","官方資料","https://data.gov.tw/dataset/7779","交通部觀光署: 2026-06-04T15:21:52+08:00","交通部觀光署: 2026-09-12T21:46:46+00:00",""
"Restaurant_376430000A_000399","王朝湘菜活魚餐廳","桃園市","龍潭區","桃園市龍潭區佳安里文化路169-1號","(03)4713093","","官方資料","https://data.gov.tw/dataset/7779","交通部觀光署: 2026-06-04T15:22:21+08:00","交通部觀光署: 2026-09-12T21:46:46+00:00",""
"Restaurant_376430000A_000401","新龍泉花園餐廳","桃園市","龍潭區","桃園市龍潭區中正路三坑段768巷32號","(03)4711968","","官方資料","https://data.gov.tw/dataset/7779","交通部觀光署: 2026-06-04T15:24:12+08:00","交通部觀光署: 2026-09-12T21:46:46+00:00",""
"Restaurant_376430000A_000402","蔣府宴","桃園市","龍潭區","桃園市龍潭區高原路891號","(03)4716635","","官方資料","https://data.gov.tw/dataset/7779","交通部觀光署: 2026-06-05T15:21:04+08:00","交通部觀光署: 2026-09-12T21:46:46+00:00",""
"Restaurant_376430000A_000404","佳園活魚餐廳","桃園市","龍潭區","桃園市龍潭區中正路三坑段776號","(03)4711783","","官方資料","https://data.gov.tw/dataset/7779","交通部觀光署: 2026-06-04T15:25:31+08:00","交通部觀光署: 2026-09-12T21:46:46+00:00",""
"Restaurant_376430000A_000406","小橋流水活魚餐廳","桃園市","龍潭區","桃園市龍潭區佳安里文化路1095號","(03)4111003","","官方資料","https://data.gov.tw/dataset/7779","交通部觀光署: 2026-06-04T15:25:49+08:00","交通部觀光署: 2026-09-12T21:46:46+00:00",""
"Restaurant_376430000A_000408","北合活魚餐廳","桃園市","龍潭區","桃園市龍潭區龍源路大平段690巷2號","(03)4711168","","官方資料","https://data.gov.tw/dataset/7779","交通部觀光署: 2026-06-04T15:26:17+08:00","交通部觀光署: 2026-09-12T21:46:46+00:00",""
"Restaurant_376430000A_000412","金園活魚餐廳","桃園市","龍潭區","桃園市龍潭區佳安里十一份路208-1號","(03)4712791","","官方資料","https://data.gov.tw/dataset/7779","交通部觀光署: 2026-06-04T15:26:33+08:00","交通部觀光署: 2026-09-12T21:46:46+00:00",""
"Restaurant_376430000A_000413","祥和園活魚餐廳","桃園市","龍潭區","桃園市龍潭區中正路三坑段779號","(03)4713279","","官方資料","https://data.gov.tw/dataset/7779","交通部觀光署: 2026-06-04T15:27:35+08:00","交通部觀光署: 2026-09-12T21:46:46+00:00",""
"Restaurant_376430000A_000415","全家活魚餐廳","桃園市","龍潭區","桃園市龍潭區佳安里文化路138之1號","(03)4711990","","官方資料","https://data.gov.tw/dataset/7779","交通部觀光署: 2026-06-04T15:29:37+08:00","交通部觀光署: 2026-09-12T21:46:46+00:00",""
"Restaurant_376430000A_000425","大溪山水庭園餐廳","桃園市","大溪區","桃園市大溪區仁二街8號","(03)3075258","","官方資料","https://data.gov.tw/dataset/7779","交通部觀光署: 2026-06-04T15:30:31+08:00","交通部觀光署: 2026-09-12T21:46:46+00:00",""
"Restaurant_376430000A_000432","豆麥私房菜(阿義農莊)","桃園市","大溪區","桃園市大溪區復興路2段650號","(03)3825716","","官方資料","https://data.gov.tw/dataset/7779","交通部觀光署: 2026-06-04T15:47:43+08:00","交通部觀光署: 2026-09-12T21:46:46+00:00",""
"Restaurant_376430000A_000435","里長嬤碗粿","桃園市","大溪區","桃園市大溪區和平路79號","(03)3882258","","官方資料","https://data.gov.tw/dataset/7779","交通部觀光署: 2026-06-04T16:00:13+08:00","交通部觀光署: 2026-09-12T21:46:46+00:00",""
"Restaurant_376430000A_000439","達摩小吃店","桃園市","大溪區","桃園市大溪區中正路34號","(03)3884654","","官方資料","https://data.gov.tw/dataset/7779","交通部觀光署: 2026-06-04T17:58:03+08:00","交通部觀光署: 2026-09-12T21:46:46+00:00",""
"Restaurant_376430000A_000441","香草Amy手工乳酪蛋糕","桃園市","大溪區","桃園市大溪區復興路125號","(03)3887553","","官方資料","https://data.gov.tw/dataset/7779","交通部觀光署: 2026-06-04T17:59:29+08:00","交通部觀光署: 2026-09-12T21:46:46+00:00",""
"Restaurant_376430000A_000444","賴媽媽豆花","桃園市","大溪區","桃園市大溪區登龍路22號","(03)3889646","","官方資料","https://data.gov.tw/dataset/7779","交通部觀光署: 2026-06-04T18:00:58+08:00","交通部觀光署: 2026-09-12T21:46:46+00:00",""
"Restaurant_376430000A_000447","快樂天堂自家烘焙咖啡館","桃園市","大溪區","桃園市大溪區中正路41號","(03)3872059","","官方資料","https://data.gov.tw/dataset/7779","交通部觀光署: 2026-06-04T18:06:23+08:00","交通部觀光署: 2026-09-12T21:46:46+00:00",""
"Restaurant_376430000A_000448","解放咖啡館","桃園市","大溪區","桃園市大溪區中山路19號","(03)3871801","","官方資料","https://data.gov.tw/dataset/7779","交通部觀光署: 2026-06-04T18:06:52+08:00","交通部觀光署: 2026-09-12T21:46:46+00:00",""
"Restaurant_376430000A_000450","焦點咖啡","桃園市","大溪區","桃園市大溪區普濟路76-3號","(03)3882663","","官方資料","https://data.gov.tw/dataset/7779","交通部觀光署: 2026-06-04T18:13:12+08:00","交通部觀光署: 2026-09-12T21:46:46+00:00",""
"Restaurant_376430000A_000453","大房食品股份有限公司(大房豆干)","桃園市","大溪區","桃園市大溪區中正路46號","(03)3883457","","官方資料","https://data.gov.tw/dataset/7779","交通部觀光署: 2025-11-18T16:45:29+08:00","交通部觀光署: 2026-09-12T21:46:46+00:00",""
"Restaurant_376430000A_000455","萬里香食品廠","桃園市","大溪區","桃園市大溪區中央路123號","(03)3882007","","官方資料","https://data.gov.tw/dataset/7779","交通部觀光署: 2025-11-18T16:56:20+08:00","交通部觀光署: 2026-09-12T21:46:46+00:00",""
"Restaurant_376430000A_000458","萬友餐廳","桃園市","大溪區","桃園市大溪區東和路11號","(03)3882338","","官方資料","https://data.gov.tw/dataset/7779","交通部觀光署: 2026-06-04T18:14:49+08:00","交通部觀光署: 2026-09-12T21:46:46+00:00",""
"Restaurant_376430000A_000459","東湖活魚餐廳","桃園市","大溪區","桃園市大溪區環湖路二段600巷8號","(03)3884788","","官方資料","https://data.gov.tw/dataset/7779","交通部觀光署: 2026-06-04T18:15:22+08:00","交通部觀光署: 2026-09-12T21:46:46+00:00",""
"Restaurant_376430000A_000460","海宴餐廳","桃園市","大溪區","桃園市大溪區埔頂路1段320號","(03)3074336","","官方資料","https://data.gov.tw/dataset/7779","交通部觀光署: 2026-06-04T18:15:47+08:00","交通部觀光署: 2026-09-12T21:46:46+00:00",""
"Restaurant_376430000A_000461","溪友緣風味料理店","桃園市","大溪區","桃園市大溪區仁愛路9號","(03)3877769","","官方資料","https://data.gov.tw/dataset/7779","交通部觀光署: 2026-06-04T18:17:39+08:00","交通部觀光署: 2026-09-12T21:46:46+00:00",""
"Restaurant_376430000A_000463","金字塔三角湯圓","桃園市","大溪區","桃園市大溪區中央路181號","(03)3889724","","官方資料","https://data.gov.tw/dataset/7779","交通部觀光署: 2026-06-04T18:20:11+08:00","交通部觀光署: 2026-09-12T21:46:46+00:00",""
"Restaurant_376430000A_000464","福臨活魚餐廳","桃園市","大溪區","桃園市大溪區康莊路五段174號","(03)4712301","","官方資料","https://data.gov.tw/dataset/7779","交通部觀光署: 2026-06-04T18:20:47+08:00","交通部觀光署: 2026-09-12T21:46:46+00:00",""
"Restaurant_376430000A_000466","水源地餐廳","桃園市","大溪區","桃園市大溪區康莊路五段709號","(03)4712886","","官方資料","https://data.gov.tw/dataset/7779","交通部觀光署: 2026-06-04T18:21:58+08:00","交通部觀光署: 2026-09-12T21:46:46+00:00",""
"Restaurant_376430000A_000532","黃日香(股)公司","桃園市","大溪區","桃園市大溪區和平路56號","(03)3882055","","官方資料","https://data.gov.tw/dataset/7779","交通部觀光署: 2025-11-20T17:46:58+08:00","交通部觀光署: 2026-09-12T21:46:46+00:00",""
"Restaurant_376430000A_000533","桃園市農會","桃園市","蘆竹區","桃園市蘆竹區龍安街二段968號","(03)3791881","","官方資料","https://data.gov.tw/dataset/7779","交通部觀光署: 2025-11-20T17:47:49+08:00","交通部觀光署: 2026-09-12T21:46:46+00:00",""
"Restaurant_376430000A_000534","中祥食品工業(股)公司","桃園市","八德區","桃園市八德區廣福路613號","(03)3713688","","官方資料","https://data.gov.tw/dataset/7779","交通部觀光署: 2025-11-21T17:11:59+08:00","交通部觀光署: 2026-09-12T21:46:46+00:00",""
"Restaurant_376430000A_000542","阿金嫂傳統小吃","桃園市","八德區","桃園市八德區永福西街68之6號","(03)3662570","","官方資料","https://data.gov.tw/dataset/7779","交通部觀光署: 2026-06-05T15:00:27+08:00","交通部觀光署: 2026-09-12T21:46:46+00:00",""
"Restaurant_376430000A_000543","陳師兄素肉圓","桃園市","大溪區","桃園市大溪區慈湖路24-1號","(03)3879042","","官方資料","https://data.gov.tw/dataset/7779","交通部觀光署: 2026-06-05T15:00:59+08:00","交通部觀光署: 2026-09-12T21:46:46+00:00",""
"Restaurant_376430000A_000544","一力佳包子饅頭專賣店","桃園市","大溪區","桃園市大溪區慈湖路56號","(03)3878021","","官方資料","https://data.gov.tw/dataset/7779","交通部觀光署: 2026-06-05T15:01:42+08:00","交通部觀光署: 2026-09-12T21:46:46+00:00",""
"Restaurant_376430000A_000545","客味樓懷舊客家美食","桃園市","大溪區","桃園市大溪區新峰里三民路一段5號","(03)3825560","","官方資料","https://data.gov.tw/dataset/7779","交通部觀光署: 2026-06-05T15:02:05+08:00","交通部觀光署: 2026-09-12T21:46:46+00:00",""
"Restaurant_376430000A_000546","唐記米干","桃園市","平鎮區","桃園市平鎮區龍東路214號","(03)4162203","","官方資料","https://data.gov.tw/dataset/7779","交通部觀光署: 2026-06-05T15:02:46+08:00","交通部觀光署: 2026-09-12T21:46:46+00:00",""
"Restaurant_376430000A_000547","東北酸白菜火鍋","桃園市","桃園區","桃園市桃園區南平路88巷3號","(03)3556390","","官方資料","https://data.gov.tw/dataset/7779","交通部觀光署: 2026-06-05T15:06:42+08:00","交通部觀光署: 2026-09-12T21:46:46+00:00",""
"Restaurant_376430000A_000549","美香飲食","桃園市","桃園區","桃園市桃園區南豐街208號","(03)3324423","","官方資料","https://data.gov.tw/dataset/7779","交通部觀光署: 2026-06-05T15:07:14+08:00","交通部觀光署: 2026-09-12T21:46:46+00:00",""
"Restaurant_376430000A_000551","大方蘭州拉麵館","桃園市","桃園區","桃園市桃園區永安路389號之2","(03)3314193","","官方資料","https://data.gov.tw/dataset/7779","交通部觀光署: 2026-06-05T15:07:50+08:00","交通部觀光署: 2026-09-12T21:46:46+00:00",""
"Restaurant_376430000A_000553","夫妻肺片麻辣鍋","桃園市","桃園區","桃園市桃園區中正路1015號","(03)3579865","","官方資料","https://data.gov.tw/dataset/7779","交通部觀光署: 2026-06-05T15:08:18+08:00","交通部觀光署: 2026-09-12T21:46:46+00:00",""
"Restaurant_376430000A_000554","李太太海產料理店","桃園市","楊梅區","桃園市楊梅區瑞塘里萬大路116巷2號","(03)4813852","","官方資料","https://data.gov.tw/dataset/7779","交通部觀光署: 2026-06-05T15:11:07+08:00","交通部觀光署: 2026-09-12T21:46:46+00:00",""
"Restaurant_376430000A_000556","甘泉魚麵","桃園市","楊梅區","桃園市楊梅區四維路47號","(03)4821166","","官方資料","https://data.gov.tw/dataset/7779","交通部觀光署: 2026-06-05T15:12:29+08:00","交通部觀光署: 2026-09-12T21:46:46+00:00",""
"Restaurant_376430000A_000564","玉蘭活魚（原石蘭）","桃園市","龍潭區","桃園市龍潭區佳安里文化路1號旁(北區水資源局大草坪前)","(03)4712696","","官方資料","https://data.gov.tw/dataset/7779","交通部觀光署: 2025-11-21T17:21:50+08:00","交通部觀光署: 2026-09-12T21:46:46+00:00",""
"Restaurant_376430000A_000575","大園區良質米產銷第一班","桃園市","大園區","桃園市大園區和平里平南路133號","(03)3864600","","官方資料","https://data.gov.tw/dataset/7779","交通部觀光署: 2025-11-21T17:22:39+08:00","交通部觀光署: 2026-09-12T21:46:46+00:00",""
"Restaurant_376430000A_000579","新珍香餅舖","桃園市","中壢區","桃園市中壢區中平路146號","(03)4222653","","官方資料","https://data.gov.tw/dataset/7779","交通部觀光署: 2026-06-05T15:13:45+08:00","交通部觀光署: 2026-09-12T21:46:46+00:00",""
"Restaurant_376430000A_000582","星之戀咖啡美食館","桃園市","龍潭區","桃園市龍潭區三和里楊銅路二段712之1號","(03)4990049","","官方資料","https://data.gov.tw/dataset/7779","交通部觀光署: 2026-06-05T15:14:16+08:00","交通部觀光署: 2026-09-12T21:46:46+00:00",""
"Restaurant_376430000A_000587","觀天下景觀餐廳","桃園市","龍潭區","桃園市龍潭區楊銅路二段712號","(03)4990311","","官方資料","https://data.gov.tw/dataset/7779","交通部觀光署: 2026-06-05T15:15:31+08:00","交通部觀光署: 2026-09-12T21:46:46+00:00",""
"Restaurant_376430000A_000592","心蘭活魚餐廳","桃園市","龍潭區","桃園市龍潭區佳安里十一分路200號","(03)4713992","","官方資料","https://data.gov.tw/dataset/7779","交通部觀光署: 2026-06-05T15:16:08+08:00","交通部觀光署: 2026-09-12T21:46:46+00:00",""
"Restaurant_376430000A_000624","龍情花生軟糖(龍潭總店)","桃園市","龍潭區","桃園市龍潭區龍元路164號","(03)4896569","","官方資料","https://data.gov.tw/dataset/7779","交通部觀光署: 2025-12-08T17:30:02+08:00","交通部觀光署: 2026-09-12T21:46:46+00:00",""
"Restaurant_376430000A_000636","新屋區農會生鮮超市","桃園市","新屋區","桃園市新屋區中華路242號","(03)4772124","","官方資料","https://data.gov.tw/dataset/7779","交通部觀光署: 2025-12-11T17:26:31+08:00","交通部觀光署: 2026-09-12T21:46:46+00:00",""
"Restaurant_376430000A_000637","桑葚緣觀光果園","桃園市","龍潭區","桃園市龍潭區富華街三林段362巷18號","(03)4093386","","官方資料","https://data.gov.tw/dataset/7779","交通部觀光署: 2025-12-12T17:08:18+08:00","交通部觀光署: 2026-09-12T21:46:46+00:00",""
"Restaurant_376430000A_000638","卡司‧蒂菈樂園（金格觀光工廠）","桃園市","蘆竹區","桃園市蘆竹區大竹北路90-66號","(03)3133168","","官方資料","https://data.gov.tw/dataset/7779","交通部觀光署: 2025-07-14T13:33:35+08:00","交通部觀光署: 2026-09-12T21:46:46+00:00",""
"Restaurant_376430000A_000640","生生圓美食","桃園市","龍潭區","桃園市龍潭區大昌路一段169號","(03)4992881","","官方資料","https://data.gov.tw/dataset/7779","交通部觀光署: 2026-06-05T15:17:27+08:00","交通部觀光署: 2026-09-12T21:46:46+00:00",""
"Restaurant_376430000A_000642","香草蛋糕舖","桃園市","桃園區","桃園市桃園區民族路193號","(03)3349020","","官方資料","https://data.gov.tw/dataset/7779","交通部觀光署: 2026-06-05T15:17:56+08:00","交通部觀光署: 2026-09-12T21:46:46+00:00",""
"Restaurant_376430000A_000644","陳飛豬腳","桃園市","中壢區","桃園市中壢區義民路151號","(03)4948882","","官方資料","https://data.gov.tw/dataset/7779","交通部觀光署: 2025-08-25T15:22:58+08:00","交通部觀光署: 2026-09-12T21:46:46+00:00",""
"Restaurant_376430000A_000645","鳳月堂果樹園","桃園市","桃園區","桃園市桃園區中正五街223號","(03)3558715","","官方資料","https://data.gov.tw/dataset/7779","交通部觀光署: 2026-06-05T15:19:13+08:00","交通部觀光署: 2026-09-12T21:46:46+00:00",""
"Restaurant_376430000A_001480","提緣客家小館","桃園市","龍潭區","桃園市龍潭區上華里龍新新村54號(入口在中正路上華段112巷)","(03)4796088","","官方資料","https://data.gov.tw/dataset/7779","交通部觀光署: 2026-06-05T15:23:20+08:00","交通部觀光署: 2026-09-12T21:46:46+00:00",""
"Restaurant_376430000A_001481","亨味食堂","桃園市","龍潭區","桃園市龍潭區民治十六街87巷25號(石門山勞工育樂中心旁)","(03)4111000","","官方資料","https://data.gov.tw/dataset/7779","交通部觀光署: 2026-06-05T15:23:43+08:00","交通部觀光署: 2026-09-12T21:46:46+00:00",""
"Restaurant_376430000A_001483","大楊梅鵝莊 龍潭分店","桃園市","龍潭區","桃園市龍潭區上林里神龍路96巷2號","(03)4806330","","官方資料","https://data.gov.tw/dataset/7779","交通部觀光署: 2026-06-05T15:24:54+08:00","交通部觀光署: 2026-09-12T21:46:46+00:00",""
"Restaurant_376430000A_001484","錦家御宴","桃園市","中壢區","桃園市中壢區中山路88號B1","(03)4272997","","官方資料","https://data.gov.tw/dataset/7779","交通部觀光署: 2026-06-05T15:25:22+08:00","交通部觀光署: 2026-09-12T21:46:46+00:00",""
"Restaurant_376430000A_001485","Amour 阿沐(原 茂園和漢美食館)","桃園市","平鎮區","桃園市平鎮區延平路二段371號","(03)4951375","","官方資料","https://data.gov.tw/dataset/7779","交通部觀光署: 2026-06-05T15:27:59+08:00","交通部觀光署: 2026-09-12T21:46:46+00:00",""
"Restaurant_376430000A_001486","品傑首烏御膳館","桃園市","中壢區","桃園市中壢區環北路435號","(03)4622799","","官方資料","https://data.gov.tw/dataset/7779","交通部觀光署: 2026-06-05T15:28:56+08:00","交通部觀光署: 2026-09-12T21:46:46+00:00",""
"Restaurant_376430000A_001487","友福花園農莊","桃園市","新屋區","桃園市新屋區下田里中山西路二段602號","(03)4862567","","官方資料","https://data.gov.tw/dataset/7779","交通部觀光署: 2026-06-05T15:30:42+08:00","交通部觀光署: 2026-09-12T21:46:46+00:00",""
"Restaurant_376430000A_001489","大中壢鵝莊","桃園市","平鎮區","桃園市平鎮區民族路二段133號","(03)4922287","","官方資料","https://data.gov.tw/dataset/7779","交通部觀光署: 2026-06-05T15:31:14+08:00","交通部觀光署: 2026-09-12T21:46:46+00:00",""
"Restaurant_376430000A_001490","善園客家小館","桃園市","平鎮區","桃園市平鎮區環南路三段315號","(03)4683392","","官方資料","https://data.gov.tw/dataset/7779","交通部觀光署: 2026-06-05T15:31:31+08:00","交通部觀光署: 2026-09-12T21:46:46+00:00",""
"Restaurant_376430000A_001492","采莊庭園餐廳","桃園市","龍潭區","桃園市龍潭區三坑里永福136-1號","(03)4112466","","官方資料","https://data.gov.tw/dataset/7779","交通部觀光署: 2026-06-05T15:31:48+08:00","交通部觀光署: 2026-09-12T21:46:46+00:00",""
"Restaurant_376430000A_001495","千暉鵝肉店","桃園市","中壢區","桃園市中壢區志廣路65號","(03)4937090","","官方資料","https://data.gov.tw/dataset/7779","交通部觀光署: 2026-06-05T15:32:28+08:00","交通部觀光署: 2026-09-12T21:46:46+00:00",""
"Restaurant_376430000A_001496","土埆厝復古小館","桃園市","平鎮區","桃園市平鎮區東光路7號","(03)4603798","","官方資料","https://data.gov.tw/dataset/7779","交通部觀光署: 2026-06-05T15:32:54+08:00","交通部觀光署: 2026-09-12T21:46:46+00:00",""
"Restaurant_376430000A_001497","老地方客家菜","桃園市","大溪區","桃園市大溪區員林路一段489號","(03)3906863","","官方資料","https://data.gov.tw/dataset/7779","交通部觀光署: 2026-06-05T15:33:20+08:00","交通部觀光署: 2026-09-12T21:46:46+00:00",""
"Restaurant_376430000A_001501","欣園餐館","桃園市","中壢區","桃園市中壢區中美路二段142號","(03)4220258","","官方資料","https://data.gov.tw/dataset/7779","交通部觀光署: 2026-06-05T15:33:44+08:00","交通部觀光署: 2026-09-12T21:46:46+00:00",""
"Restaurant_376430000A_001502","金欣鵝肉亭","桃園市","中壢區","桃園市中壢區龍岡路一段170號","(03)2840868","","官方資料","https://data.gov.tw/dataset/7779","交通部觀光署: 2026-06-05T15:34:11+08:00","交通部觀光署: 2026-09-12T21:46:46+00:00",""
"Restaurant_376430000A_001503","阿海飲食店","桃園市","中壢區","桃園市中壢區新興路268號","(03)4592943","","官方資料","https://data.gov.tw/dataset/7779","交通部觀光署: 2026-06-05T15:34:28+08:00","交通部觀光署: 2026-09-12T21:46:46+00:00",""
"Restaurant_376430000A_001506","紅鱻客家小館","桃園市","龍潭區","桃園市龍潭區中正路三坑段688號","(03)4713947","","官方資料","https://data.gov.tw/dataset/7779","交通部觀光署: 2026-06-05T15:34:45+08:00","交通部觀光署: 2026-09-12T21:46:46+00:00",""
"Restaurant_376430000A_001514","饌園餐館","桃園市","中壢區","桃園市中壢區普義路186號","(03)4332000","","官方資料","https://data.gov.tw/dataset/7779","交通部觀光署: 2026-06-05T15:35:17+08:00","交通部觀光署: 2026-09-12T21:46:46+00:00",""
"Restaurant_376430000A_001516","SAHA料理中央廚房(馺哈有限公司)","桃園市","大園區","桃園市大園區青昇路一段132巷166弄8號4樓","0916006217","","官方資料","https://data.gov.tw/dataset/7779","交通部觀光署: 2026-02-25T17:32:55+08:00","交通部觀光署: 2026-09-12T21:46:46+00:00",""
"Restaurant_376430000A_001523","石門山溫泉會館","桃園市","龍潭區","桃園市龍潭區民有一街313號","(03)4115931","","官方資料","https://data.gov.tw/dataset/7779","交通部觀光署: 2026-03-05T17:02:37+08:00","交通部觀光署: 2026-09-12T21:46:46+00:00",""
"Restaurant_376430000A_001524","南方莊園渡假飯店","桃園市","中壢區","桃園市中壢區樹籽路8號","(03)4202122","","官方資料","https://data.gov.tw/dataset/7779","交通部觀光署: 2026-06-05T15:38:30+08:00","交通部觀光署: 2026-09-12T21:46:46+00:00",""
"Restaurant_376430000A_001525","福容大飯店　桃園","桃園市","桃園區","桃園市桃園區大興西路1段200號","(03)3265800","","官方資料","https://data.gov.tw/dataset/7779","交通部觀光署: 2026-06-05T16:04:35+08:00","交通部觀光署: 2026-09-12T21:46:46+00:00",""
"Restaurant_376430000A_001526","麗多森林度假酒店","桃園市","楊梅區","桃園市楊梅區東森路3號","(03)4751100","","官方資料","https://data.gov.tw/dataset/7779","交通部觀光署: 2026-06-05T16:01:39+08:00","交通部觀光署: 2026-09-12T21:46:46+00:00",""
"Restaurant_376430000A_001531","亦然手工皂","桃園市","桃園區","桃園市桃園區水岸街10號11樓","0910007380","","官方資料","https://data.gov.tw/dataset/7779","交通部觀光署: 2026-03-05T17:14:00+08:00","交通部觀光署: 2026-09-12T21:46:46+00:00",""
"Restaurant_376430000A_001533","托斯卡尼尼義大利餐廳-桃園店","桃園市","桃園區","桃園市桃園區中正路1473號","(03)3250222","","官方資料","https://data.gov.tw/dataset/7779","交通部觀光署: 2026-06-05T15:55:08+08:00","交通部觀光署: 2026-09-12T21:46:46+00:00",""
"Restaurant_376430000A_001534","揚昇高爾夫鄉村俱樂部","桃園市","楊梅區","桃園市楊梅區楊昇路256號","(03)4780099","","官方資料","https://data.gov.tw/dataset/7779","交通部觀光署: 2026-06-05T16:01:21+08:00","交通部觀光署: 2026-09-12T21:46:46+00:00",""
"Restaurant_376430000A_001535","托斯卡尼尼義大利餐廳-中壢店","桃園市","平鎮區","桃園市平鎮區長安路168號","(03)4948811","","官方資料","https://data.gov.tw/dataset/7779","交通部觀光署: 2026-06-05T16:06:58+08:00","交通部觀光署: 2026-09-12T21:46:46+00:00",""
"Restaurant_376430000A_001539","紫竹林養生蘆薈園","桃園市","中壢區","桃園市中壢區黃興街87號5樓","(03)4684905","","官方資料","https://data.gov.tw/dataset/7779","交通部觀光署: 2026-03-20T16:04:08+08:00","交通部觀光署: 2026-09-12T21:46:46+00:00",""
"Restaurant_376430000A_001541","東和音樂體驗館","桃園市","大溪區","桃園市大溪區信義路226號","(03)3882215","","官方資料","https://data.gov.tw/dataset/7779","交通部觀光署: 2025-09-26T17:33:03+08:00","交通部觀光署: 2026-09-12T21:46:46+00:00",""
"Restaurant_376430000A_001542","泰味館-泰式料理","桃園市","桃園區","桃園市桃園區中山路939號","(03)3785100","","官方資料","https://data.gov.tw/dataset/7779","交通部觀光署: 2026-06-05T16:07:32+08:00","交通部觀光署: 2026-09-12T21:46:46+00:00",""
"Restaurant_376430000A_001546","玉山畫廊  (子月創作坊之實體店鋪)","桃園市","龍潭區","桃園市龍潭區大昌路二段74-5號","(03)4705818","","官方資料","https://data.gov.tw/dataset/7779","交通部觀光署: 2026-03-05T17:16:37+08:00","交通部觀光署: 2026-09-12T21:46:46+00:00",""
"Restaurant_376430000A_001549","老K舒眠文化館","桃園市","新屋區","桃園市新屋區梅高路三段97號","(03)4205050","","官方資料","https://data.gov.tw/dataset/7779","交通部觀光署: 2026-03-26T17:32:55+08:00","交通部觀光署: 2026-09-12T21:46:46+00:00",""
"Restaurant_376430000A_001550","江記豆腐乳文化館","桃園市","中壢區","桃園市中壢區月眉路2段248巷85號","(03)4986018","","官方資料","https://data.gov.tw/dataset/7779","交通部觀光署: 2026-01-29T15:52:57+08:00","交通部觀光署: 2026-09-12T21:46:46+00:00",""
"Restaurant_376430000A_001558","天下奇冰館(中原總店)","桃園市","中壢區","桃園市中壢區力行北街47號","(03)4561155","","官方資料","https://data.gov.tw/dataset/7779","交通部觀光署: 2026-06-05T16:08:26+08:00","交通部觀光署: 2026-09-12T21:46:46+00:00",""
"Restaurant_376430000A_001565","蕃薯藤有機專賣-八德埤塘店","桃園市","八德區","桃園市八德區興豐路1315號","(03)3650329","","官方資料","https://data.gov.tw/dataset/7779","交通部觀光署: 2026-03-05T17:18:40+08:00","交通部觀光署: 2026-09-12T21:46:46+00:00",""
"Restaurant_376430000A_001566","蕃薯藤有機專賣-中壢景町店","桃園市","中壢區","桃園市中壢區延平路627號1樓","(03)4222108","","官方資料","https://data.gov.tw/dataset/7779","交通部觀光署: 2026-01-29T16:09:00+08:00","交通部觀光署: 2026-09-12T21:46:46+00:00",""
"Restaurant_376430000A_001568","蕃薯藤自然食堂-桃園南崁店","桃園市","蘆竹區","桃園市蘆竹區中正北路328-2號","(03)2122983","","官方資料","https://data.gov.tw/dataset/7779","交通部觀光署: 2026-06-05T16:09:04+08:00","交通部觀光署: 2026-09-12T21:46:46+00:00",""
"Restaurant_376430000A_001582","春天農場","桃園市","龜山區","桃園市龜山區長壽路272號","(03)3502953","","官方資料","https://data.gov.tw/dataset/7779","交通部觀光署: 2026-06-05T16:11:05+08:00","交通部觀光署: 2026-09-12T21:46:46+00:00",""
"Restaurant_376430000A_001593","柚子花花青春客家菜─桃園店","桃園市","桃園區","桃園市桃園區莊敬里中正路1270號","(03)3172666","","官方資料","https://data.gov.tw/dataset/7779","交通部觀光署: 2026-06-05T16:11:38+08:00","交通部觀光署: 2026-09-12T21:46:46+00:00",""
"Restaurant_376430000A_001595","滿滿客家菜館","桃園市","中壢區","桃園市中壢區中豐路185號","(03)4272518","","官方資料","https://data.gov.tw/dataset/7779","交通部觀光署: 2026-06-05T16:12:03+08:00","交通部觀光署: 2026-09-12T21:46:46+00:00",""
"Restaurant_376430000A_001596","碧園餐館","桃園市","中壢區","桃園市中壢區中台路10號","(03)4227758","","官方資料","https://data.gov.tw/dataset/7779","交通部觀光署: 2026-06-05T16:12:24+08:00","交通部觀光署: 2026-09-12T21:46:46+00:00",""
"Restaurant_376430000A_001600","阿嬌米干","桃園市","平鎮區","桃園市平鎮區中山路98號","(03)4665786","","官方資料","https://data.gov.tw/dataset/7779","交通部觀光署: 2026-06-05T16:19:44+08:00","交通部觀光署: 2026-09-12T21:46:46+00:00",""
"Restaurant_376430000A_001601","楊家將過橋米線米干","桃園市","中壢區","桃園市中壢區龍東路192號","(03)4664121","","官方資料","https://data.gov.tw/dataset/7779","交通部觀光署: 2026-06-05T16:20:01+08:00","交通部觀光署: 2026-09-12T21:46:46+00:00",""
"Restaurant_376430000A_001604","小云滇","桃園市","中壢區","桃園市中壢區前龍街35號","(03)4387492","","官方資料","https://data.gov.tw/dataset/7779","交通部觀光署: 2026-06-05T16:19:03+08:00","交通部觀光署: 2026-09-12T21:46:46+00:00",""
"Restaurant_376430000A_001605","版納傣味","桃園市","中壢區","桃園市中壢區前龍街16號","(03)4381499","","官方資料","https://data.gov.tw/dataset/7779","交通部觀光署: 2026-06-05T16:20:35+08:00","交通部觀光署: 2026-09-12T21:46:46+00:00",""
"Restaurant_376430000A_001606","阿秀米干","桃園市","中壢區","桃園市中壢區龍平路209號","(03)4661457","","官方資料","https://data.gov.tw/dataset/7779","交通部觀光署: 2026-06-05T16:21:35+08:00","交通部觀光署: 2026-09-12T21:46:46+00:00",""
"Restaurant_376430000A_001607","蔡記米干","桃園市","中壢區","桃園市中壢區龍平路327號","(03)4659337","","官方資料","https://data.gov.tw/dataset/7779","交通部觀光署: 2026-02-10T17:44:47+08:00","交通部觀光署: 2026-09-12T21:46:46+00:00",""
"Restaurant_376430000A_001609","阿美米干","桃園市","平鎮區","桃園市平鎮區中山路142號","(03)4567399","","官方資料","https://data.gov.tw/dataset/7779","交通部觀光署: 2026-06-05T16:22:14+08:00","交通部觀光署: 2026-09-12T21:46:46+00:00",""
"Restaurant_376430000A_001610","合家歡阿婆麵店","桃園市","平鎮區","桃園市平鎮區忠貞路109號","(03)4664177","","官方資料","https://data.gov.tw/dataset/7779","交通部觀光署: 2026-06-05T16:24:09+08:00","交通部觀光署: 2026-09-12T21:46:46+00:00",""
"Restaurant_376430000A_001613","雲峰雲南風味館","桃園市","中壢區","桃園市中壢區龍平路211-2號","(03)4567972","","官方資料","https://data.gov.tw/dataset/7779","交通部觀光署: 2026-06-05T16:26:42+08:00","交通部觀光署: 2026-09-12T21:46:46+00:00",""
"Restaurant_376430000A_001614","雲滄小館","桃園市","中壢區","桃園市中壢區中山東路四段15號","(03)4367160","","官方資料","https://data.gov.tw/dataset/7779","交通部觀光署: 2026-06-05T16:27:21+08:00","交通部觀光署: 2026-09-12T21:46:46+00:00",""
"Restaurant_376430000A_001615","忠貞米干","桃園市","中壢區","桃園市中壢區中正五路210號","(03)4564569","","官方資料","https://data.gov.tw/dataset/7779","交通部觀光署: 2026-06-05T16:27:48+08:00","交通部觀光署: 2026-09-12T21:46:46+00:00",""
"Restaurant_376430000A_001616","清真合醬菜-閃妹小廚","桃園市","平鎮區","桃園市平鎮區中山路29號","(03)4650085","","官方資料","https://data.gov.tw/dataset/7779","交通部觀光署: 2026-02-10T18:04:06+08:00","交通部觀光署: 2026-09-12T21:46:46+00:00",""
"Restaurant_376430000A_001618","忠貞雲鄉米干","桃園市","中壢區","桃園市中壢區龍平路207號","(03)4568767","","官方資料","https://data.gov.tw/dataset/7779","交通部觀光署: 2026-06-05T16:28:36+08:00","交通部觀光署: 2026-09-12T21:46:46+00:00",""
"Restaurant_376430000A_001620","黑妞木瓜絲","桃園市","中壢區","桃園市中壢區前龍街、龍東路口","0926820290","","官方資料","https://data.gov.tw/dataset/7779","交通部觀光署: 2026-06-05T16:30:03+08:00","交通部觀光署: 2026-09-12T21:46:46+00:00",""
"Restaurant_376430000A_001621","忠貞甩餅","桃園市","中壢區","桃園市中壢區龍東路204號","(03)3656462","","官方資料","https://data.gov.tw/dataset/7779","交通部觀光署: 2026-03-26T17:44:33+08:00","交通部觀光署: 2026-09-12T21:46:46+00:00",""
"Restaurant_376430000A_001623","美珍異國香料雜貨","桃園市","平鎮區","桃園市平鎮區中山路25號","0976525169","","官方資料","https://data.gov.tw/dataset/7779","交通部觀光署: 2026-06-05T16:30:35+08:00","交通部觀光署: 2026-09-12T21:46:46+00:00",""
"Restaurant_376430000A_001636","拉拉山小吃店","桃園市","復興區","桃園市復興區華陵里10鄰123號","(03)3912163","","官方資料","https://data.gov.tw/dataset/7779","交通部觀光署: 2026-06-05T16:31:33+08:00","交通部觀光署: 2026-09-12T21:46:46+00:00",""
"Restaurant_376430000A_001637","鼎太公紅麴滷味","桃園市","八德區","桃園市八德區廣隆街191巷13號","(03)2180306","","官方資料","https://data.gov.tw/dataset/7779","交通部觀光署: 2026-03-16T14:09:17+08:00","交通部觀光署: 2026-09-12T21:46:46+00:00",""
"Restaurant_376430000A_001638","宏旺食品有限公司","桃園市","龜山區","桃園市龜山區萬壽路一段492-19號6樓-3","(02)82098488","","官方資料","https://data.gov.tw/dataset/7779","交通部觀光署: 2026-03-27T11:41:41+08:00","交通部觀光署: 2026-09-12T21:46:46+00:00",""
"Restaurant_376430000A_001639","豐實農場","桃園市","楊梅區","桃園市楊梅區楊湖路二段581號","(03)4785776","","官方資料","https://data.gov.tw/dataset/7779","交通部觀光署: 2026-03-16T14:16:05+08:00","交通部觀光署: 2026-09-12T21:46:46+00:00",""
"Restaurant_376430000A_001646","綠品坊(佳龍科技工程股份有限公司)","桃園市","觀音區","桃園市觀音區大潭里環科路323號","(03)4736566","","官方資料","https://data.gov.tw/dataset/7779","交通部觀光署: 2026-03-27T11:45:21+08:00","交通部觀光署: 2026-09-12T21:46:46+00:00",""
"Restaurant_376430000A_001647","秘丞手作工坊","桃園市","龍潭區","桃園市龍潭區龍元路45號旁(菱潭街興創基地6、7號)","0989045623","","官方資料","https://data.gov.tw/dataset/7779","交通部觀光署: 2025-07-17T11:05:46+08:00","交通部觀光署: 2026-09-12T21:46:46+00:00",""
"Restaurant_376430000A_001649","妮可設計工作室","桃園市","八德區","桃園市八德區桃鶯路南僑巷31弄18號13樓","0983159397","","官方資料","https://data.gov.tw/dataset/7779","交通部觀光署: 2026-03-27T11:55:43+08:00","交通部觀光署: 2026-09-12T21:46:46+00:00",""
"Restaurant_376430000A_001650","莎呦藝術坊","桃園市","復興區","桃園市復興區羅馬路二段596號","(03)3879096","","官方資料","https://data.gov.tw/dataset/7779","交通部觀光署: 2026-03-16T14:37:58+08:00","交通部觀光署: 2026-09-12T21:46:46+00:00",""
"Restaurant_376430000A_001657","來福星花園大飯店","桃園市","八德區","桃園市八德區東勇街276號","(03)2183686","","官方資料","https://data.gov.tw/dataset/7779","交通部觀光署: 2026-06-05T16:34:05+08:00","交通部觀光署: 2026-09-12T21:46:46+00:00",""
"Restaurant_376430000A_001660","老陳家夫妻肺片","桃園市","八德區","桃園市八德區介壽路一段612號","(03)3610906","","官方資料","https://data.gov.tw/dataset/7779","交通部觀光署: 2026-06-05T16:34:59+08:00","交通部觀光署: 2026-09-12T21:46:46+00:00",""
"Restaurant_376430000A_001661","陸軍小館","桃園市","桃園區","桃園市桃園區中山東路147號","(03)3333165","","官方資料","https://data.gov.tw/dataset/7779","交通部觀光署: 2026-06-08T17:11:17+08:00","交通部觀光署: 2026-09-12T21:46:46+00:00",""
"Restaurant_376430000A_001662","新百王餐廳","桃園市","中壢區","桃園市中壢區天祥三街七號","(03)4583588","","官方資料","https://data.gov.tw/dataset/7779","交通部觀光署: 2026-06-08T17:09:48+08:00","交通部觀光署: 2026-09-12T21:46:46+00:00",""
"Restaurant_376430000A_001665","七彩雲南(八德店)","桃園市","八德區","桃園市八德區介壽路二段181之1號","(03)3612425","","官方資料","https://data.gov.tw/dataset/7779","交通部觀光署: 2026-06-08T17:11:54+08:00","交通部觀光署: 2026-09-12T21:46:46+00:00",""
"Restaurant_376430000A_001670","丹馬克咖啡館","桃園市","中壢區","桃園市中壢區慈惠三街157巷10號1樓","(03)4275085","","官方資料","https://data.gov.tw/dataset/7779","交通部觀光署: 2026-06-08T17:13:00+08:00","交通部觀光署: 2026-09-12T21:46:46+00:00",""
"Restaurant_376430000A_001677","正一排骨","桃園市","桃園區","桃園市桃園區中正路730號","(03)3556165","","官方資料","https://data.gov.tw/dataset/7779","交通部觀光署: 2026-06-08T17:13:28+08:00","交通部觀光署: 2026-09-12T21:46:46+00:00",""
"Restaurant_376430000A_001679","麗揚工作室","桃園市","龍潭區","桃園市龍潭區大同路331號","(03)4097968","","官方資料","https://data.gov.tw/dataset/7779","交通部觀光署: 2026-03-31T15:22:03+08:00","交通部觀光署: 2026-09-12T21:46:46+00:00",""
"Restaurant_376430000A_001683","竹峰茗茶","桃園市","蘆竹區","桃園市蘆竹區坑子里12鄰貓尾崎1號","(03)3241888","","官方資料","https://data.gov.tw/dataset/7779","交通部觀光署: 2026-04-09T17:29:31+08:00","交通部觀光署: 2026-09-12T21:46:46+00:00",""
"Restaurant_376430000A_001688","芊香園","桃園市","大溪區","桃園市大溪區和平路9號","(03)3895895","","官方資料","https://data.gov.tw/dataset/7779","交通部觀光署: 2026-02-03T17:45:28+08:00","交通部觀光署: 2026-09-12T21:46:46+00:00",""
"Restaurant_376430000A_001691","阿媽牌生鐵鍋","桃園市","平鎮區","桃園市平鎮區平東路573巷68號","(03)2756368","","官方資料","https://data.gov.tw/dataset/7779","交通部觀光署: 2026-03-19T15:28:09+08:00","交通部觀光署: 2026-09-12T21:46:46+00:00",""
"Restaurant_376430000A_001693","川門子美食時尚餐廳","桃園市","蘆竹區","桃園市蘆竹區南竹路二段156-2號","(03)2124999","","官方資料","https://data.gov.tw/dataset/7779","交通部觀光署: 2026-06-08T17:16:37+08:00","交通部觀光署: 2026-09-12T21:46:46+00:00",""
"Restaurant_376430000A_001695","大四喜北方麵食(中央店)","桃園市","中壢區","桃園市中壢區中央東路38號","(03)4253172","","官方資料","https://data.gov.tw/dataset/7779","交通部觀光署: 2026-04-14T17:00:22+08:00","交通部觀光署: 2026-09-12T21:46:46+00:00",""
"Restaurant_376430000A_001696","上讚美食","桃園市","觀音區","桃園市觀音區樹林里福壽街201號","(03)4160776","","官方資料","https://data.gov.tw/dataset/7779","交通部觀光署: 2026-06-08T17:18:56+08:00","交通部觀光署: 2026-09-12T21:46:46+00:00",""
"Restaurant_376430000A_001698","真多福客家美食","桃園市","新屋區","桃園市新屋區中華路284號","(03)4772348","","官方資料","https://data.gov.tw/dataset/7779","交通部觀光署: 2026-06-08T17:20:01+08:00","交通部觀光署: 2026-09-12T21:46:46+00:00",""
"Restaurant_376430000A_001699","新創客家美食","桃園市","新屋區","桃園市新屋區頭洲里民族路六段155號","(03)4904192","","官方資料","https://data.gov.tw/dataset/7779","交通部觀光署: 2026-06-08T17:20:14+08:00","交通部觀光署: 2026-09-12T21:46:46+00:00",""
"Restaurant_376430000A_001702","新轉角手作料理","桃園市","中壢區","桃園市中壢區月眉路一段126號","(03)4253177","","官方資料","https://data.gov.tw/dataset/7779","交通部觀光署: 2026-06-08T17:20:49+08:00","交通部觀光署: 2026-09-12T21:46:46+00:00",""
"Restaurant_376430000A_001706","皇帝嶺會館","桃園市","中壢區","桃園市中壢區龍東路928號","(03)4163676","","官方資料","https://data.gov.tw/dataset/7779","交通部觀光署: 2026-06-08T17:21:08+08:00","交通部觀光署: 2026-09-12T21:46:46+00:00",""
"Restaurant_376430000A_001707","伍角灯小吃","桃園市","中壢區","桃園市中壢區中山東路一段42號","(03)4519477","","官方資料","https://data.gov.tw/dataset/7779","交通部觀光署: 2026-06-08T17:22:19+08:00","交通部觀光署: 2026-09-12T21:46:46+00:00",""
"Restaurant_376430000A_001710","釀香居懷舊餐廳","桃園市","平鎮區","桃園市平鎮區平東路25號","(03)4608088","","官方資料","https://data.gov.tw/dataset/7779","交通部觀光署: 2026-06-08T17:36:53+08:00","交通部觀光署: 2026-09-12T21:46:46+00:00",""
"Restaurant_376430000A_001711","酒廠復古小館","桃園市","平鎮區","桃園市平鎮區延平路二段79號","(03)4029569","","官方資料","https://data.gov.tw/dataset/7779","交通部觀光署: 2026-04-14T17:29:30+08:00","交通部觀光署: 2026-09-12T21:46:46+00:00",""
"Restaurant_376430000A_001713","古秀才客家海鮮館","桃園市","楊梅區","桃園市楊梅區秀才路157-1號","(03)4855766","","官方資料","https://data.gov.tw/dataset/7779","交通部觀光署: 2026-06-08T17:39:14+08:00","交通部觀光署: 2026-09-12T21:46:46+00:00",""
"Restaurant_376430000A_001716","大溪拿破崙派","桃園市","大溪區","桃園市大溪區福仁里和平路94號","(03)3880216","","官方資料","https://data.gov.tw/dataset/7779","交通部觀光署: 2026-06-08T17:39:42+08:00","交通部觀光署: 2026-09-12T21:46:46+00:00",""
"Restaurant_376430000A_001719","歐萊德綠建築總部","桃園市","龍潭區","桃園市龍潭區中豐路高平段18號","(03)4116789","","官方資料","https://data.gov.tw/dataset/7779","交通部觀光署: 2026-05-27T16:21:51+08:00","交通部觀光署: 2026-09-12T21:46:46+00:00",""
"Restaurant_376430000A_001721","祥儀機器人夢工廠","桃園市","桃園區","桃園市桃園區桃鶯路461號","(03)3621252","","官方資料","https://data.gov.tw/dataset/7779","交通部觀光署: 2026-02-03T14:05:17+08:00","交通部觀光署: 2026-09-12T21:46:46+00:00",""
"Restaurant_376430000A_001724","台塑企業文物館","桃園市","龜山區","桃園市龜山區文化一路259號","(03)2118800","","官方資料","https://data.gov.tw/dataset/7779","交通部觀光署: 2026-02-06T11:28:42+08:00","交通部觀光署: 2026-09-12T21:46:46+00:00",""
"Restaurant_376430000A_001726","大溪紅樓懷舊餐廳","桃園市","大溪區","桃園市大溪區復興路152號","(03)3871088","","官方資料","https://data.gov.tw/dataset/7779","交通部觀光署: 2026-06-08T17:41:25+08:00","交通部觀光署: 2026-09-12T21:46:46+00:00",""
"Restaurant_376430000A_001729","77巧克力共和國","桃園市","八德區","桃園市八德區巧克力街177號","(03)3656555","","官方資料","https://data.gov.tw/dataset/7779","交通部觀光署: 2026-06-08T17:43:37+08:00","交通部觀光署: 2026-09-12T21:46:46+00:00",""
"Restaurant_376430000A_001734","郭元益糕餅博物館","桃園市","楊梅區","桃園市楊梅區幼獅工業區青年路9巷3號","(03)4962201","","官方資料","https://data.gov.tw/dataset/7779","交通部觀光署: 2025-07-17T13:23:56+08:00","交通部觀光署: 2026-09-12T21:46:46+00:00",""
"Restaurant_376430000A_001736","光泉牛奶園地（大園廠）","桃園市","大園區","桃園市大園區大觀路1249號","0800092898","","官方資料","https://data.gov.tw/dataset/7779","交通部觀光署: 2026-02-03T13:38:54+08:00","交通部觀光署: 2026-09-12T21:46:46+00:00",""
"Restaurant_376430000A_001738","太平洋自行車博物館","桃園市","新屋區","桃園市新屋區永福路686號","(03)4861231","","官方資料","https://data.gov.tw/dataset/7779","交通部觀光署: 2026-04-28T14:57:31+08:00","交通部觀光署: 2026-09-12T21:46:46+00:00",""
"Restaurant_376430000A_001739","南僑桃園生活體驗園區","桃園市","龜山區","桃園市龜山區龜山工業區興邦路35號","(03)2630264","","官方資料","https://data.gov.tw/dataset/7779","交通部觀光署: 2026-05-27T16:58:12+08:00","交通部觀光署: 2026-09-12T21:46:46+00:00",""
"Restaurant_376430000A_001742","雅聞魅力博覽館","桃園市","楊梅區","桃園市楊梅區中山北路一段21巷1號","(03)4883800","","官方資料","https://data.gov.tw/dataset/7779","交通部觀光署: 2026-05-27T17:06:46+08:00","交通部觀光署: 2026-09-12T21:46:46+00:00",""
"Restaurant_376430000A_001744","GFun機能生活館","桃園市","觀音區","桃園市觀音區觀音工業區工業六路3號","0800038838","","官方資料","https://data.gov.tw/dataset/7779","交通部觀光署: 2026-03-09T15:04:56+08:00","交通部觀光署: 2026-09-12T21:46:46+00:00",""
"Restaurant_376430000A_001749","大溪鵝莊客家餐館","桃園市","大溪區","桃園市大溪區復興路34號","(03)3871918","","官方資料","https://data.gov.tw/dataset/7779","交通部觀光署: 2026-06-08T17:47:25+08:00","交通部觀光署: 2026-09-12T21:46:46+00:00",""
"Restaurant_376430000A_001750","傳香客家餐館","桃園市","大溪區","桃園市大溪區復興路一段841號","(03)3870566","","官方資料","https://data.gov.tw/dataset/7779","交通部觀光署: 2026-06-08T17:48:17+08:00","交通部觀光署: 2026-09-12T21:46:46+00:00",""
"Restaurant_376430000A_001753","養樂多工廠","桃園市","中壢區","桃園市中壢區自強一路4號","(03)4529994","","官方資料","https://data.gov.tw/dataset/7779","交通部觀光署: 2026-02-03T13:38:13+08:00","交通部觀光署: 2026-09-12T21:46:46+00:00",""
"Restaurant_376430000A_001772","大江國際購物中心","桃園市","中壢區","桃園市中壢區中園路二段501號","(03)4680999","","官方資料","https://data.gov.tw/dataset/7779","交通部觀光署: 2026-05-27T16:54:14+08:00","交通部觀光署: 2026-09-12T21:46:46+00:00",""
"Restaurant_376430000A_001774","阿姆坪餐廳","桃園市","大溪區","桃園市大溪區復興里環湖路2段638號","(03)3883729","","官方資料","https://data.gov.tw/dataset/7779","交通部觀光署: 2026-05-28T17:46:58+08:00","交通部觀光署: 2026-09-12T21:46:46+00:00",""
"Restaurant_376430000A_001778","大自然活魚餐廳","桃園市","大溪區","桃園市大溪區環湖路一段212巷49號","(03)4711393","","官方資料","https://data.gov.tw/dataset/7779","交通部觀光署: 2026-06-08T17:49:05+08:00","交通部觀光署: 2026-09-12T21:46:46+00:00",""
"Restaurant_376430000A_001783","金蘭活魚餐廳","桃園市","龍潭區","桃園市龍潭區文化路51之1號","(03)4713138","","官方資料","https://data.gov.tw/dataset/7779","交通部觀光署: 2026-06-08T17:50:06+08:00","交通部觀光署: 2026-09-12T21:46:46+00:00",""
"Restaurant_376430000A_001784","全家鱘龍活魚餐廳","桃園市","龍潭區","桃園市龍潭區佳安里文化路138之1號","(03)4711990","","官方資料","https://data.gov.tw/dataset/7779","交通部觀光署: 2026-06-08T17:50:22+08:00","交通部觀光署: 2026-09-12T21:46:46+00:00",""
"Restaurant_376430000A_001785","六福亭活魚餐廳","桃園市","龍潭區","桃園市龍潭區佳安里十一份文化路57之1號","(03)4711183","","官方資料","https://data.gov.tw/dataset/7779","交通部觀光署: 2026-06-08T17:50:35+08:00","交通部觀光署: 2026-09-12T21:46:46+00:00",""
"Restaurant_376430000A_001786","賓帥活魚湘菜餐廳","桃園市","龍潭區","桃園市龍潭區中正路三林段616號1樓","(03)4713375","","官方資料","https://data.gov.tw/dataset/7779","交通部觀光署: 2026-06-08T17:51:42+08:00","交通部觀光署: 2026-09-12T21:46:46+00:00",""
"Restaurant_376430000A_001787","南園活魚餐廳","桃園市","龍潭區","桃園市龍潭區佳安西路5之5號","(03)4712412","","官方資料","https://data.gov.tw/dataset/7779","交通部觀光署: 2026-06-08T17:52:05+08:00","交通部觀光署: 2026-09-12T21:46:46+00:00",""
"Restaurant_376430000A_001788","大石門活魚餐廳","桃園市","龍潭區","桃園市龍潭區佳安里佳安西路5之6號","(03)4712522","","官方資料","https://data.gov.tw/dataset/7779","交通部觀光署: 2026-06-08T17:52:19+08:00","交通部觀光署: 2026-09-12T21:46:46+00:00",""
"Restaurant_376430000A_001790","福隆活魚土雞餐廳","桃園市","龍潭區","桃園市龍潭區佳安西路92號","(03)4713715","","官方資料","https://data.gov.tw/dataset/7779","交通部觀光署: 2026-06-08T17:52:33+08:00","交通部觀光署: 2026-09-12T21:46:46+00:00",""
"Restaurant_376430000A_001791","石門花園活魚餐廳","桃園市","龍潭區","桃園市龍潭區佳安里文化路447號","(03)4713748","","官方資料","https://data.gov.tw/dataset/7779","交通部觀光署: 2026-06-08T17:52:48+08:00","交通部觀光署: 2026-09-12T21:46:46+00:00",""
"Restaurant_376430000A_001793","菓園活魚土雞餐廳","桃園市","大溪區","桃園市大溪區康莊路五段182號","(03)4712603","","官方資料","https://data.gov.tw/dataset/7779","交通部觀光署: 2026-06-08T17:53:04+08:00","交通部觀光署: 2026-09-12T21:46:46+00:00",""
"Restaurant_376430000A_001795","山霸王活魚土雞餐廳","桃園市","大溪區","桃園市大溪區康莊路五段82號","(03)3887989","","官方資料","https://data.gov.tw/dataset/7779","交通部觀光署: 2026-06-08T17:53:36+08:00","交通部觀光署: 2026-09-12T21:46:46+00:00",""
"Restaurant_376430000A_001796","十一份活魚餐廳","桃園市","大溪區","桃園市大溪區康莊路五段70號","(03)3888428","","官方資料","https://data.gov.tw/dataset/7779","交通部觀光署: 2026-06-08T17:53:53+08:00","交通部觀光署: 2026-09-12T21:46:46+00:00",""
"Restaurant_376430000A_001798","橋頭活魚餐廳","桃園市","龍潭區","桃園市龍潭區大平里二坪段1-1號","(03)4713335","","官方資料","https://data.gov.tw/dataset/7779","交通部觀光署: 2026-06-08T17:54:30+08:00","交通部觀光署: 2026-09-12T21:46:46+00:00",""
"Restaurant_376430000A_001799","糊口老街客家活魚餐廳","桃園市","龍潭區","桃園市龍潭區龍源路大平段790號","(03)4112971","","官方資料","https://data.gov.tw/dataset/7779","交通部觀光署: 2026-06-08T17:54:46+08:00","交通部觀光署: 2026-09-12T21:46:46+00:00",""
"Restaurant_376430000A_001800","石湖活魚餐廳","桃園市","龍潭區","桃園市龍潭區龍源路大平段690巷51號","(03)4713591","","官方資料","https://data.gov.tw/dataset/7779","交通部觀光署: 2026-06-08T17:55:00+08:00","交通部觀光署: 2026-09-12T21:46:46+00:00",""
"Restaurant_376430000A_001801","鴻星活魚餐廳","桃園市","龍潭區","桃園市龍潭區大平里龍源路685號","(03)4712643","","官方資料","https://data.gov.tw/dataset/7779","交通部觀光署: 2026-06-08T17:55:14+08:00","交通部觀光署: 2026-09-12T21:46:46+00:00",""
"Restaurant_376430000A_001804","石峰活魚餐廳","桃園市","龍潭區","桃園市龍潭區大平里石門路93號","(03)4712034","","官方資料","https://data.gov.tw/dataset/7779","交通部觀光署: 2026-06-08T17:55:30+08:00","交通部觀光署: 2026-09-12T21:46:46+00:00",""
"Restaurant_376430000A_001805","全家福活魚餐廳","桃園市","龍潭區","桃園市龍潭區大坪里永和路2號","(03)4712626","","官方資料","https://data.gov.tw/dataset/7779","交通部觀光署: 2026-06-08T17:55:44+08:00","交通部觀光署: 2026-09-12T21:46:46+00:00",""
"Restaurant_376430000A_001807","榮莊鱘龍活魚","桃園市","龍潭區","桃園市龍潭區佳安里文化路61號","(03)4711246","","官方資料","https://data.gov.tw/dataset/7779","交通部觀光署: 2026-06-08T17:56:14+08:00","交通部觀光署: 2026-09-12T21:46:46+00:00",""
"Restaurant_376430000A_001813","阿枝蜂蜜","桃園市","大溪區","桃園市大溪區和平路37-1號","(03)3883838","","官方資料","https://data.gov.tw/dataset/7779","交通部觀光署: 2026-06-08T17:56:51+08:00","交通部觀光署: 2026-09-12T21:46:46+00:00",""
"Restaurant_376430000A_001817","華谷茗茶製茶廠","桃園市","復興區","桃園市復興區中正路13號","(03)3821356","","官方資料","https://data.gov.tw/dataset/7779","交通部觀光署: 2026-06-08T17:57:41+08:00","交通部觀光署: 2026-09-12T21:46:46+00:00",""
"Restaurant_376430000A_001818","源元發飲食店","桃園市","復興區","桃園市復興區中正路138號之1","(03)3821617","","官方資料","https://data.gov.tw/dataset/7779","交通部觀光署: 2026-06-08T17:58:45+08:00","交通部觀光署: 2026-09-12T21:46:46+00:00",""
"Restaurant_376430000A_001819","龍情花生糖(桃園中正店)","桃園市","桃園區","桃園市桃園區中正路364號","(03)3312532","","官方資料","https://data.gov.tw/dataset/7779","交通部觀光署: 2025-12-08T17:05:23+08:00","交通部觀光署: 2026-09-12T21:46:46+00:00",""
"Restaurant_376430000A_001821","龍情花生糖(桃園經國店)","桃園市","桃園區","桃園市桃園區經國路589號","(03)3567829","","官方資料","https://data.gov.tw/dataset/7779","交通部觀光署: 2025-12-08T17:04:53+08:00","交通部觀光署: 2026-09-12T21:46:46+00:00",""
"Restaurant_376430000A_001823","貝里斯義大利麵餐廳","桃園市","桃園區","桃園市桃園區建國路68號","(03)3632829","","官方資料","https://data.gov.tw/dataset/7779","交通部觀光署: 2026-06-08T17:59:27+08:00","交通部觀光署: 2026-09-12T21:46:46+00:00",""
"Restaurant_376430000A_001828","正豐米麩","桃園市","大溪區","桃園市大溪區中正路30號","(03)3880942","","官方資料","https://data.gov.tw/dataset/7779","交通部觀光署: 2026-06-08T18:00:17+08:00","交通部觀光署: 2026-09-12T21:46:46+00:00",""
"Restaurant_376430000A_001829","好時節休閒農場(好時節農莊)","桃園市","大溪區","桃園市大溪區康莊路三段225號","(03)3889689","","官方資料","https://data.gov.tw/dataset/7779","交通部觀光署: 2026-06-08T18:01:56+08:00","交通部觀光署: 2026-09-12T21:46:46+00:00",""
"Restaurant_376430000A_001830","老阿伯現滷豆干","桃園市","大溪區","桃園市大溪區中正路37號","(03)3883422","","官方資料","https://data.gov.tw/dataset/7779","交通部觀光署: 2026-06-08T18:02:20+08:00","交通部觀光署: 2026-09-12T21:46:46+00:00",""
"Restaurant_376430000A_001831","大溪全家福海鮮餐廳","桃園市","大溪區","桃園市大溪區瑞安路一段308號","(03)3076008","","官方資料","https://data.gov.tw/dataset/7779","交通部觀光署: 2026-06-08T18:02:46+08:00","交通部觀光署: 2026-09-12T21:46:46+00:00",""
"Restaurant_376430000A_001837","龍情花生糖(平鎮延平店)","桃園市","平鎮區","桃園市平鎮區延平路一段57號","(03)4272955","","官方資料","https://data.gov.tw/dataset/7779","交通部觀光署: 2025-12-08T17:04:20+08:00","交通部觀光署: 2026-09-12T21:46:46+00:00",""
"Restaurant_376430000A_001838","龍情花生糖(龍潭交流道旗艦店)","桃園市","龍潭區","桃園市龍潭區大昌路二段210號","(03)4895511","","官方資料","https://data.gov.tw/dataset/7779","交通部觀光署: 2025-12-08T17:03:54+08:00","交通部觀光署: 2026-09-12T21:46:46+00:00",""
"Restaurant_376430000A_001839","連城原木藝術館","桃園市","大溪區","桃園市大溪區康莊路五段689號","(03)4711007","","官方資料","https://data.gov.tw/dataset/7779","交通部觀光署: 2025-10-31T17:18:03+08:00","交通部觀光署: 2026-09-12T21:46:46+00:00",""
"Restaurant_376430000A_001840","龍情花生糖(中壢環北店)","桃園市","中壢區","桃園市中壢區延平路124號","(03)4618534","","官方資料","https://data.gov.tw/dataset/7779","交通部觀光署: 2025-12-08T17:03:10+08:00","交通部觀光署: 2026-09-12T21:46:46+00:00",""
"Restaurant_376430000A_001841","廖心蘭豆干店","桃園市","大溪區","桃園市大溪區和平路41號","(03)3874205","","官方資料","https://data.gov.tw/dataset/7779","交通部觀光署: 2026-06-08T18:03:34+08:00","交通部觀光署: 2026-09-12T21:46:46+00:00",""
"Restaurant_376430000A_001847","黑松飲料博物館","桃園市","中壢區","桃園市中壢區中園路178號","(03)4523101","","官方資料","https://data.gov.tw/dataset/7779","交通部觀光署: 2026-02-03T13:40:54+08:00","交通部觀光署: 2026-09-12T21:46:46+00:00",""
"Restaurant_376430000A_001848","金車咖啡文教館","桃園市","中壢區","桃園市中壢區榮民南路412號","(03)4651121","","官方資料","https://data.gov.tw/dataset/7779","交通部觀光署: 2026-02-03T13:38:33+08:00","交通部觀光署: 2026-09-12T21:46:46+00:00",""
"Restaurant_376430000A_001849","CAFE!N x DICKIES 聯名咖啡觀光工廠 (源友咖啡文化園區)","桃園市","平鎮區","桃園市平鎮區工業五路8號","(02)27529476","","官方資料","https://data.gov.tw/dataset/7779","交通部觀光署: 2026-06-11T16:47:58+08:00","交通部觀光署: 2026-09-12T21:46:46+00:00",""
"Restaurant_376430000A_001850","福源茶廠","桃園市","龍潭區","桃園市龍潭區竹龍路590巷56號","(03)4792533","","官方資料","https://data.gov.tw/dataset/7779","交通部觀光署: 2026-02-03T13:36:50+08:00","交通部觀光署: 2026-09-12T21:46:46+00:00",""
"Restaurant_376430000A_001851","中台環境資源教育中心","桃園市","觀音區","桃園市觀音區環科路328號","(03)4730068","","官方資料","https://data.gov.tw/dataset/7779","交通部觀光署: 2026-02-03T13:36:00+08:00","交通部觀光署: 2026-09-12T21:46:46+00:00",""
"Restaurant_376430000A_001852","華泰名品城","桃園市","中壢區","桃園市中壢區春德路189號","(03)2738666","","官方資料","https://data.gov.tw/dataset/7779","交通部觀光署: 2026-06-11T17:49:08+08:00","交通部觀光署: 2026-09-12T21:46:46+00:00",""
"Restaurant_376430000A_001853","台茂購物中心","桃園市","蘆竹區","桃園市蘆竹區南崁路一段112號","(03)3111234","","官方資料","https://data.gov.tw/dataset/7779","交通部觀光署: 2026-06-05T17:08:03+08:00","交通部觀光署: 2026-09-12T21:46:46+00:00",""
"Restaurant_376430000A_001856","春稻企業股份有限公司","桃園市","中壢區","桃園市中壢區中華路二段73號","(03)4628888","","官方資料","https://data.gov.tw/dataset/7779","交通部觀光署: 2026-06-11T16:50:04+08:00","交通部觀光署: 2026-09-12T21:46:46+00:00",""
"Restaurant_376430000A_001857","上家下屋手工皂(達能工作室)","桃園市","龍潭區","桃園市龍潭區高原里高原路160巷15號","(03)4718191","","官方資料","https://data.gov.tw/dataset/7779","交通部觀光署: 2026-06-11T17:18:05+08:00","交通部觀光署: 2026-09-12T21:46:46+00:00",""
"Restaurant_376430000A_001858","台灣京瓷-千塘窯","桃園市","龍潭區","桃園市龍潭區武中路528-1號","(03)4798888","","官方資料","https://data.gov.tw/dataset/7779","交通部觀光署: 2026-06-11T17:18:51+08:00","交通部觀光署: 2026-09-12T21:46:46+00:00",""
"Restaurant_376430000A_001859","幸運創布 CharmPoint-菲兒麗貝創布工作坊","桃園市","桃園區","桃園市桃園區大興里春日路658巷18號9樓","(03)3588357","","官方資料","https://data.gov.tw/dataset/7779","交通部觀光署: 2026-06-11T17:46:36+08:00","交通部觀光署: 2026-09-12T21:46:46+00:00",""
"Restaurant_376430000A_001860","向記食品有限公司","桃園市","蘆竹區","桃園市蘆竹區榮安路6巷98號3樓","(03)4562400","","官方資料","https://data.gov.tw/dataset/7779","交通部觀光署: 2026-06-08T18:05:16+08:00","交通部觀光署: 2026-09-12T21:46:46+00:00",""
"Restaurant_376430000A_001861","双霖茶莊","桃園市","楊梅區","桃園市楊梅區甡甡路219巷30號","0912448506","","官方資料","https://data.gov.tw/dataset/7779","交通部觀光署: 2026-06-11T17:39:13+08:00","交通部觀光署: 2026-09-12T21:46:46+00:00",""
"Restaurant_376430000A_001862","愛地球木工坊","桃園市","平鎮區","桃園市平鎮區新光路3段188號","0916790257","","官方資料","https://data.gov.tw/dataset/7779","交通部觀光署: 2026-06-11T17:50:08+08:00","交通部觀光署: 2026-09-12T21:46:46+00:00",""
"Restaurant_376430000A_001866","豆之家食品科技股份有限公司","桃園市","蘆竹區","桃園市蘆竹區南崁路二段226巷31號","(03)3216699","","官方資料","https://data.gov.tw/dataset/7779","交通部觀光署: 2026-04-14T17:30:10+08:00","交通部觀光署: 2026-09-12T21:46:46+00:00",""
"Restaurant_376430000A_001874","大窯大擺義大利手工窯烤披薩","桃園市","桃園區","桃園市桃園區南通路81號","(03)3150633","","官方資料","https://data.gov.tw/dataset/7779","交通部觀光署: 2026-06-08T18:06:11+08:00","交通部觀光署: 2026-09-12T21:46:46+00:00",""
"Restaurant_376430000A_001876","微笑的光 咖啡館","桃園市","中壢區","桃園市中壢區南園二路388號","(03)4353399","","官方資料","https://data.gov.tw/dataset/7779","交通部觀光署: 2026-06-08T18:07:43+08:00","交通部觀光署: 2026-09-12T21:46:46+00:00",""
"Restaurant_376430000A_001880","安賀斯café","桃園市","楊梅區","桃園市楊梅區新農街282號","(03)4881653","","官方資料","https://data.gov.tw/dataset/7779","交通部觀光署: 2026-06-08T18:08:57+08:00","交通部觀光署: 2026-09-12T21:46:46+00:00",""
"Restaurant_376430000A_001881","大麻鍋物大有店","桃園市","桃園區","桃園市桃園區大有路575號","(03)3466639","","官方資料","https://data.gov.tw/dataset/7779","交通部觀光署: 2026-06-08T18:09:19+08:00","交通部觀光署: 2026-09-12T21:46:46+00:00",""
"Restaurant_376430000A_001882","華川宴麻辣鴛鴦火鍋(蘆竹店)","桃園市","蘆竹區","桃園市蘆竹區中正北路635號","(03)2222901","","官方資料","https://data.gov.tw/dataset/7779","交通部觀光署: 2026-06-08T18:09:39+08:00","交通部觀光署: 2026-09-12T21:46:46+00:00",""
"Restaurant_376430000A_001887","晶宴會館(桃園館)","桃園市","桃園區","桃園市桃園區南平路166號","(03)3553555","","官方資料","https://data.gov.tw/dataset/7779","交通部觀光署: 2026-06-08T18:11:15+08:00","交通部觀光署: 2026-09-12T21:46:46+00:00",""
"Restaurant_376430000A_001888","傳香美食館","桃園市","八德區","桃園市八德區義勇街92號","(03)3770626","","官方資料","https://data.gov.tw/dataset/7779","交通部觀光署: 2026-06-08T18:11:48+08:00","交通部觀光署: 2026-09-12T21:46:46+00:00",""
"Restaurant_376430000A_001905","八德市場-雞世家","桃園市","八德區","桃園市八德區建國路45號(攤號:18)","0921917585","","官方資料","https://data.gov.tw/dataset/7779","交通部觀光署: 2026-02-11T15:55:03+08:00","交通部觀光署: 2026-09-12T21:46:46+00:00",""
"Restaurant_376430000A_001906","大成市場-香圓食品","桃園市","楊梅區","桃園市楊梅區楊江里大成路36號(攤號:28)","(03)4786566","","官方資料","https://data.gov.tw/dataset/7779","交通部觀光署: 2026-06-11T17:51:01+08:00","交通部觀光署: 2026-09-12T21:46:46+00:00",""
"Restaurant_376430000A_001907","龍潭市場-大陸涼麵","桃園市","龍潭區","桃園市龍潭區龍興路80-100號 (攤號:B43)","(03)3322101","","官方資料","https://data.gov.tw/dataset/7779","交通部觀光署: 2026-02-11T16:03:01+08:00","交通部觀光署: 2026-09-12T21:46:46+00:00",""
"Restaurant_376430000A_001910","大園市場-萬佳香肉鬆","桃園市","大園區","桃園市大園區忠孝三街19號(攤號:39)","(03)3864008","","官方資料","https://data.gov.tw/dataset/7779","交通部觀光署: 2026-02-10T15:05:38+08:00","交通部觀光署: 2026-09-12T21:46:46+00:00",""
"Restaurant_376430000A_001911","中壢觀光夜市-混蛋爆蝦","桃園市","中壢區","桃園市中壢區新明路 (攤號:295C)","0917635345","","官方資料","https://data.gov.tw/dataset/7779","交通部觀光署: 2026-07-20T17:54:11+08:00","交通部觀光署: 2026-09-12T21:46:46+00:00",""
"Restaurant_376430000A_001912","中壢觀光夜市-貴子油飯","桃園市","中壢區","桃園市中壢區新明路(攤號:015A)","0916936858","","官方資料","https://data.gov.tw/dataset/7779","交通部觀光署: 2026-06-05T17:07:17+08:00","交通部觀光署: 2026-09-12T21:46:46+00:00",""
"Restaurant_376430000A_001913","桃園觀光夜市-烤馬鈴薯","桃園市","桃園區","桃園市桃園區北埔路65號前(攤號:39)","0931345045","","官方資料","https://data.gov.tw/dataset/7779","交通部觀光署: 2026-07-20T17:54:53+08:00","交通部觀光署: 2026-09-12T21:46:46+00:00",""
"Restaurant_376430000A_001915","中壢觀光夜市-瘋壽司","桃園市","中壢區","桃園市中壢區新明路 (攤號:350A)","(03)3322101","","官方資料","https://data.gov.tw/dataset/7779","交通部觀光署: 2026-07-20T17:55:33+08:00","交通部觀光署: 2026-09-12T21:46:46+00:00",""
"Restaurant_376430000A_001916","中壢觀光夜市-祥伯東山鴨頭","桃園市","中壢區","桃園市中壢區新明路 (A001)","(03)3322101","","官方資料","https://data.gov.tw/dataset/7779","交通部觀光署: 2025-08-21T17:16:36+08:00","交通部觀光署: 2026-09-12T21:46:46+00:00",""
"Restaurant_376430000A_001917","中平素食之家","桃園市","中壢區","桃園市中壢區新興路210號","(03)4284290","","官方資料","https://data.gov.tw/dataset/7779","交通部觀光署: 2026-06-08T18:14:44+08:00","交通部觀光署: 2026-09-12T21:46:46+00:00",""
"Restaurant_376430000A_001920","航空港旋轉餐廳","桃園市","大園區","桃園市大園區漁港路353巷176號5樓","(03)3933000","","官方資料","https://data.gov.tw/dataset/7779","交通部觀光署: 2026-06-08T18:15:13+08:00","交通部觀光署: 2026-09-12T21:46:46+00:00",""
"Restaurant_376430000A_001922","正福伯活海鮮","桃園市","大園區","桃園市大園區沙崙里漁港路395巷32弄1號","(03)3836101","","官方資料","https://data.gov.tw/dataset/7779","交通部觀光署: 2026-02-10T15:20:54+08:00","交通部觀光署: 2026-09-12T21:46:46+00:00",""
"Restaurant_376430000A_001923","愛琴海海岸咖啡廳","桃園市","新屋區","桃園市新屋區中山西路三段1165號 (永安觀光漁市二樓)","(03)4865179","","官方資料","https://data.gov.tw/dataset/7779","交通部觀光署: 2026-06-08T18:15:57+08:00","交通部觀光署: 2026-09-12T21:46:46+00:00",""
"Restaurant_376430000A_001925","綠色隧道海鮮餐坊","桃園市","新屋區","桃園市新屋區蚵間里56號","0988140661","","官方資料","https://data.gov.tw/dataset/7779","交通部觀光署: 2026-06-08T18:16:21+08:00","交通部觀光署: 2026-09-12T21:46:46+00:00",""
"Restaurant_376430000A_001926","山本海產店","桃園市","大園區","桃園市大園區沙崙里港口路7-7號2樓10號攤位(竹圍漁港觀光魚市熟食區)","(03)3935559","","官方資料","https://data.gov.tw/dataset/7779","交通部觀光署: 2026-02-10T15:18:24+08:00","交通部觀光署: 2026-09-12T21:46:46+00:00",""
"Restaurant_376430000A_001927","蘭陽小吃","桃園市","大園區","桃園市大園區沙崙里漁港路451巷25號(竹圍漁港觀光漁市熟食區)","(03)3832363","","官方資料","https://data.gov.tw/dataset/7779","交通部觀光署: 2026-02-10T15:23:56+08:00","交通部觀光署: 2026-09-12T21:46:46+00:00",""
"Restaurant_376430000A_001928","尚品雅宴農莊","桃園市","新屋區","桃園市新屋區中山西路二段915號","(03)4861887","","官方資料","https://data.gov.tw/dataset/7779","交通部觀光署: 2026-06-08T18:17:00+08:00","交通部觀光署: 2026-09-12T21:46:46+00:00",""
"Restaurant_376430000A_001932","花枝忠活海產店","桃園市","大園區","桃園市大園區沙崙里港口路7-7號2樓20號攤位(竹圍漁港觀光魚市熟食區)","(03)3838665","","官方資料","https://data.gov.tw/dataset/7779","交通部觀光署: 2026-06-09T09:23:43+08:00","交通部觀光署: 2026-09-12T21:46:46+00:00",""
"Restaurant_376430000A_001933","Q幼鮮生猛活魚海產","桃園市","大園區","桃園市大園區中正東路202號","(03)3867308","","官方資料","https://data.gov.tw/dataset/7779","交通部觀光署: 2026-06-09T09:24:13+08:00","交通部觀光署: 2026-09-12T21:46:46+00:00",""
"Restaurant_376430000A_001934","永安61庭園咖啡","桃園市","新屋區","桃園市新屋區濱海路永安段355巷10號","0976546861","","官方資料","https://data.gov.tw/dataset/7779","交通部觀光署: 2026-06-09T09:31:06+08:00","交通部觀光署: 2026-09-12T21:46:46+00:00",""
"Restaurant_376430000A_001936","姊妹活海鮮","桃園市","新屋區","桃園市新屋區中山西路三段1165號A4、A9(永安漁港觀光漁市熟食區)","0955053082","","官方資料","https://data.gov.tw/dataset/7779","交通部觀光署: 2026-06-09T09:31:30+08:00","交通部觀光署: 2026-09-12T21:46:46+00:00",""
"Restaurant_376430000A_001937","大田蓮花餐廳","桃園市","觀音區","桃園市觀音區大崛里大湖路二段193號","(03)4988567","","官方資料","https://data.gov.tw/dataset/7779","交通部觀光署: 2026-06-09T09:32:51+08:00","交通部觀光署: 2026-09-12T21:46:46+00:00",""
"Restaurant_376430000A_001938","原味海鮮(中壢原味)","桃園市","新屋區","桃園市新屋區中山西路三段1165號A5、A10(永安漁港觀光漁市熟食區)","0936283458","","官方資料","https://data.gov.tw/dataset/7779","交通部觀光署: 2026-06-09T09:36:11+08:00","交通部觀光署: 2026-09-12T21:46:46+00:00",""
"Restaurant_376430000A_001940","品味快炒小吃店","桃園市","新屋區","桃園市新屋區中正一街19巷40號","0919945370","","官方資料","https://data.gov.tw/dataset/7779","交通部觀光署: 2026-06-09T09:44:36+08:00","交通部觀光署: 2026-09-12T21:46:46+00:00",""
"Restaurant_376430000A_001941","天水海鮮館(原北海岸)","桃園市","新屋區","桃園市新屋區中山西路三段1165號A13、A18(永安漁港觀光漁市熟食區)","0919972932","","官方資料","https://data.gov.tw/dataset/7779","交通部觀光署: 2026-02-10T14:46:44+08:00","交通部觀光署: 2026-09-12T21:46:46+00:00",""
"Restaurant_376430000A_001942","永安港50年老店","桃園市","新屋區","桃園市新屋區中山西路三段1165號A15、A20(永安漁港觀光漁市熟食區)","(03)4864708","","官方資料","https://data.gov.tw/dataset/7779","交通部觀光署: 2026-06-09T09:45:01+08:00","交通部觀光署: 2026-09-12T21:46:46+00:00",""
"Restaurant_376430000A_001943","卡托米利坊","桃園市","新屋區","桃園市新屋區東福路三段1038巷48號","(03)4768668","","官方資料","https://data.gov.tw/dataset/7779","交通部觀光署: 2026-06-09T09:49:32+08:00","交通部觀光署: 2026-09-12T21:46:46+00:00",""
"Restaurant_376430000A_001945","西荷食堂","桃園市","觀音區","桃園市觀音區大富路221號","(03)4980753","","官方資料","https://data.gov.tw/dataset/7779","交通部觀光署: 2026-06-09T09:50:01+08:00","交通部觀光署: 2026-09-12T21:46:46+00:00",""
"Restaurant_376430000A_001946","游記海產","桃園市","大園區","桃園市大園區港口路7之7號2樓12號攤位（竹圍漁港觀光漁市二樓熟食區12攤位）","0932274596","","官方資料","https://data.gov.tw/dataset/7779","交通部觀光署: 2026-06-09T09:50:37+08:00","交通部觀光署: 2026-09-12T21:46:46+00:00",""
"Restaurant_376430000A_001947","陳媽媽月光餅","桃園市","大溪區","桃園市大溪區和平路87號","(03)3882451","","官方資料","https://data.gov.tw/dataset/7779","交通部觀光署: 2026-06-09T09:51:56+08:00","交通部觀光署: 2026-09-12T21:46:46+00:00",""
"Restaurant_376430000A_001948","源古本舖","桃園市","大溪區","桃園市大溪區和平路48號","0922335581","","官方資料","https://data.gov.tw/dataset/7779","交通部觀光署: 2025-04-30T16:39:18+08:00","交通部觀光署: 2026-09-12T21:46:46+00:00",""
"Restaurant_376430000A_001949","下街四十番地工房","桃園市","大溪區","桃園市大溪區和平路88號","(03)3882518","","官方資料","https://data.gov.tw/dataset/7779","交通部觀光署: 2025-10-31T15:35:46+08:00","交通部觀光署: 2026-09-12T21:46:46+00:00",""
"Restaurant_376430000A_001951","五色鳥故事館","桃園市","大溪區","桃園市大溪區東二路31號","(03)3887227","","官方資料","https://data.gov.tw/dataset/7779","交通部觀光署: 2025-04-30T16:42:54+08:00","交通部觀光署: 2026-09-12T21:46:46+00:00",""
"Restaurant_376430000A_001952","新南12文創實驗商行","桃園市","大溪區","桃園市大溪區中山路12號","(03)3884466","","官方資料","https://data.gov.tw/dataset/7779","交通部觀光署: 2025-10-31T15:38:19+08:00","交通部觀光署: 2026-09-12T21:46:46+00:00",""
"Restaurant_376430000A_001953","桃園市大溪文化協會/草店尾小客廳","桃園市","大溪區","桃園市大溪區后尾巷22號","(03)3880938","","官方資料","https://data.gov.tw/dataset/7779","交通部觀光署: 2026-02-11T17:05:22+08:00","交通部觀光署: 2026-09-12T21:46:46+00:00",""
"Restaurant_376430000A_001956","蘭室茶坊","桃園市","大溪區","桃園市大溪區中山路13號","(03)3873711","","官方資料","https://data.gov.tw/dataset/7779","交通部觀光署: 2026-06-09T10:07:42+08:00","交通部觀光署: 2026-09-12T21:46:46+00:00",""
"Restaurant_376430000A_001957","姚茶館私房料理","桃園市","大溪區","桃園市大溪區和平路91號","(03)3882567","","官方資料","https://data.gov.tw/dataset/7779","交通部觀光署: 2026-06-09T11:01:47+08:00","交通部觀光署: 2026-09-12T21:46:46+00:00",""
"Restaurant_376430000A_001964","Global Mall桃園A8","桃園市","龜山區","桃園市龜山區復興一路8號","(03)3287599","","官方資料","https://data.gov.tw/dataset/7779","交通部觀光署: 2026-06-09T11:03:48+08:00","交通部觀光署: 2026-09-12T21:46:46+00:00",""
"Restaurant_376430000A_001965","七彩雲南(忠貞店)","桃園市","平鎮區","桃園市平鎮區中山路124號","(03)4652806","","官方資料","https://data.gov.tw/dataset/7779","交通部觀光署: 2026-06-09T11:04:11+08:00","交通部觀光署: 2026-09-12T21:46:46+00:00",""
"Restaurant_376430000A_001966","光復雲仙小館","桃園市","平鎮區","桃園市平鎮區中山路168號","(03)4658245","","官方資料","https://data.gov.tw/dataset/7779","交通部觀光署: 2026-06-09T12:26:13+08:00","交通部觀光署: 2026-09-12T21:46:46+00:00",""
"Restaurant_376430000A_001967","阿美金三角點心","桃園市","平鎮區","桃園市平鎮區中山路134號","(03)4560015","","官方資料","https://data.gov.tw/dataset/7779","交通部觀光署: 2026-06-09T12:27:27+08:00","交通部觀光署: 2026-09-12T21:46:46+00:00",""
"Restaurant_376430000A_001968","阿靜忠貞米干","桃園市","中壢區","桃園市中壢區中正五路210號","(03)4564569","","官方資料","https://data.gov.tw/dataset/7779","交通部觀光署: 2026-06-09T12:27:46+08:00","交通部觀光署: 2026-09-12T21:46:46+00:00",""
"Restaurant_376430000A_001969","雲南人家風味餐館","桃園市","平鎮區","桃園市平鎮區龍江路138號","(03)4369966","","官方資料","https://data.gov.tw/dataset/7779","交通部觀光署: 2026-06-09T12:28:02+08:00","交通部觀光署: 2026-09-12T21:46:46+00:00",""
"Restaurant_376430000A_001971","雲南小館","桃園市","中壢區","桃園市中壢區龍平路181號","(03)4566959","","官方資料","https://data.gov.tw/dataset/7779","交通部觀光署: 2026-06-09T12:28:47+08:00","交通部觀光署: 2026-09-12T21:46:46+00:00",""
"Restaurant_376430000A_001973","鄉味米干","桃園市","平鎮區","桃園市平鎮區中山路112號","(03)4368608","","官方資料","https://data.gov.tw/dataset/7779","交通部觀光署: 2026-06-09T12:29:03+08:00","交通部觀光署: 2026-09-12T21:46:46+00:00",""
"Restaurant_376430000A_001974","大漢饌雲南拉麵館","桃園市","中壢區","桃園市中壢區榮民南路890號","(03)4383285","","官方資料","https://data.gov.tw/dataset/7779","交通部觀光署: 2026-06-09T12:29:20+08:00","交通部觀光署: 2026-09-12T21:46:46+00:00",""
"Restaurant_376430000A_001982","福容大飯店 桃園機場捷運 A8(麗。会所)","桃園市","龜山區","桃園市龜山區復興一路2號6F","(03)3285688","","官方資料","https://data.gov.tw/dataset/7779","交通部觀光署: 2025-05-01T17:27:09+08:00","交通部觀光署: 2026-09-12T21:46:46+00:00",""
"Restaurant_376430000A_001990","葡萄王健康活力能量館","桃園市","平鎮區","桃園市平鎮區金陵路2段402號","(03)2712121","","官方資料","https://data.gov.tw/dataset/7779","交通部觀光署: 2025-05-01T17:27:50+08:00","交通部觀光署: 2026-09-12T21:46:46+00:00",""
"Restaurant_376430000A_002061","老四川巴蜀麻辣燙-桃園店","桃園市","桃園區","桃園市桃園區大興西路二段34號","(03)3161136","","官方資料","https://data.gov.tw/dataset/7779","交通部觀光署: 2026-06-09T15:24:45+08:00","交通部觀光署: 2026-09-12T21:46:46+00:00",""
"Restaurant_376430000A_002794","匠骰子牛肉麵 南崁本店","桃園市","蘆竹區","桃園市蘆竹區桃園街95號","(03)3521995","","官方資料","https://data.gov.tw/dataset/7779","交通部觀光署: 2026-06-09T16:10:51+08:00","交通部觀光署: 2026-09-12T21:46:46+00:00",""
"Restaurant_376430000A_002813","翻轉甜點","桃園市","桃園區","桃園市桃園區正光路71巷6號","0986203366","","官方資料","https://data.gov.tw/dataset/7779","交通部觀光署: 2026-06-09T16:21:03+08:00","交通部觀光署: 2026-09-12T21:46:46+00:00",""
"Restaurant_376430000A_002814","德門居農場","桃園市","蘆竹區","桃園市蘆竹區坑子里山林路二段612巷120弄1號","0937115677","","官方資料","https://data.gov.tw/dataset/7779","交通部觀光署: 2025-10-29T15:33:52+08:00","交通部觀光署: 2026-09-12T21:46:46+00:00",""
"Restaurant_376430000A_002822","有樹手作甜品","桃園市","中壢區","桃園市中壢區忠孝路140號","(03)4635799","","官方資料","https://data.gov.tw/dataset/7779","交通部觀光署: 2026-06-09T16:26:20+08:00","交通部觀光署: 2026-09-12T21:46:46+00:00",""
"Restaurant_376430000A_002826","進福港式燒臘店","桃園市","桃園區","桃園市桃園區龍安街118號","(03)3785178","","官方資料","https://data.gov.tw/dataset/7779","交通部觀光署: 2026-06-09T16:29:46+08:00","交通部觀光署: 2026-09-12T21:46:46+00:00",""
"Restaurant_376430000A_002827","森料理","桃園市","桃園區","桃園市桃園區經國路336巷86號","(03)3169988","","官方資料","https://data.gov.tw/dataset/7779","交通部觀光署: 2026-06-09T16:31:29+08:00","交通部觀光署: 2026-09-12T21:46:46+00:00",""
"Restaurant_376430000A_002828","星上星港式飲茶","桃園市","桃園區","桃園市桃園區經國路288號","(03)3568777","","官方資料","https://data.gov.tw/dataset/7779","交通部觀光署: 2026-06-09T16:32:05+08:00","交通部觀光署: 2026-09-12T21:46:46+00:00",""
"Restaurant_376430000A_002830","品香殿潮州砂鍋粥","桃園市","桃園區","桃園市桃園區南平路546號1樓","(03)3166820","","官方資料","https://data.gov.tw/dataset/7779","交通部觀光署: 2026-06-09T16:33:29+08:00","交通部觀光署: 2026-09-12T21:46:46+00:00",""
"Restaurant_376430000A_002835","PINEDE 彼內朵南崁店","桃園市","蘆竹區","桃園市蘆竹區南平街62號一樓","(03)3119688","","官方資料","https://data.gov.tw/dataset/7779","交通部觀光署: 2026-06-09T16:42:00+08:00","交通部觀光署: 2026-09-12T21:46:46+00:00",""
"Restaurant_376430000A_002838","定迎有限公司","桃園市","桃園區","桃園市桃園區龍安街177號3樓","(03)3709889","","官方資料","https://data.gov.tw/dataset/7779","交通部觀光署: 2025-05-13T17:20:47+08:00","交通部觀光署: 2026-09-12T21:46:46+00:00",""
"Restaurant_376430000A_002839","TINA廚房大溪店","桃園市","大溪區","桃園市大溪區瑞安路一段175巷55號","(03)3074818","","官方資料","https://data.gov.tw/dataset/7779","交通部觀光署: 2026-03-05T17:19:44+08:00","交通部觀光署: 2026-09-12T21:46:46+00:00",""
"Restaurant_376430000A_002840","桃園高爾夫俱樂部-悅華大酒店","桃園市","龍潭區","桃園市龍潭區悅華路100號","(03)4803388","","官方資料","https://data.gov.tw/dataset/7779","交通部觀光署: 2025-10-29T15:36:17+08:00","交通部觀光署: 2026-09-12T21:46:46+00:00",""
"Restaurant_376430000A_003025","解惑火鍋店 （大麻鍋物藝文店）","桃園市","桃園區","桃園市桃園區南平路400號","(03)3581536","","官方資料","https://data.gov.tw/dataset/7779","交通部觀光署: 2026-06-10T11:18:44+08:00","交通部觀光署: 2026-09-12T21:46:46+00:00",""
"Restaurant_376430000A_003028","游記百年油飯","桃園市","大溪區","桃園市大溪區民權路17號","(03)3881681","","官方資料","https://data.gov.tw/dataset/7779","交通部觀光署: 2026-06-04T18:02:10+08:00","交通部觀光署: 2026-09-12T21:46:46+00:00",""
"Restaurant_395000000A_001052","和興冰果部","臺南市","後壁區","臺南市後壁區菁寮里菁寮46號","(06)6621877","週二~週日09:00~17:00，週一休息","已核對欄位","https://data.gov.tw/dataset/7779 | https://www.twtainan.net/zh-tw/shop/consume/1052/","交通部觀光署: 2023-03-28T10:27:40+08:00 | 臺南旅遊網: 2023-03-28T10:27:40.467","交通部觀光署: 2026-09-12T21:46:46+00:00 | 臺南旅遊網: 2026-09-12T21:25:04+00:00","2026-09-12T21:25:04+00:00"
"Restaurant_395000000A_001053","曾家豬頭飯｜ 炎師","臺南市","新營區","臺南市新營區新進路二段87號","(06)6333613","週一~週日07:00–13:00，週二休息","已核對欄位","https://data.gov.tw/dataset/7779 | https://www.twtainan.net/zh-tw/shop/consume/1053/","交通部觀光署: 2022-12-05T15:47:03+08:00 | 臺南旅遊網: 2022-12-05T15:47:03.573","交通部觀光署: 2026-09-12T21:46:46+00:00 | 臺南旅遊網: 2026-09-12T21:25:05+00:00","2026-09-12T21:25:05+00:00"
"Restaurant_395000000A_001054","籃記東山鴨頭","臺南市","東山區","臺南市東山區中興路11號","(06)6802856","週一~週日13:00-18:00","已核對欄位","https://data.gov.tw/dataset/7779 | https://www.twtainan.net/zh-tw/shop/consume/1054/","交通部觀光署: 2022-02-02T12:01:49+08:00 | 臺南旅遊網: 2022-02-02T12:01:49.793","交通部觀光署: 2026-09-12T21:46:46+00:00 | 臺南旅遊網: 2026-09-12T21:25:06+00:00","2026-09-12T21:25:06+00:00"
"Restaurant_395000000A_001055","西井村蜂蜜滷味 安平店","臺南市","安平區","臺南市安平區安平路418號","(06)2289619","週一~週五12:00–19:10 週六~週日10:00–21:30","已核對欄位","https://data.gov.tw/dataset/7779 | https://www.twtainan.net/zh-tw/shop/consume/1055/","交通部觀光署: 2022-12-05T15:37:53+08:00 | 臺南旅遊網: 2022-12-05T15:37:53.387","交通部觀光署: 2026-09-12T21:46:46+00:00 | 臺南旅遊網: 2026-09-12T21:25:07+00:00","2026-09-12T21:25:07+00:00"
"Restaurant_395000000A_001056","廣興肉脯店","臺南市","中西區","臺南市中西區府前路一段90巷62號","(06)2227447","週一~週日08:00~20:00","已核對欄位","https://data.gov.tw/dataset/7779 | https://www.twtainan.net/zh-tw/shop/consume/1056/","交通部觀光署: 2022-12-05T15:32:19+08:00 | 臺南旅遊網: 2022-12-05T15:32:19.193","交通部觀光署: 2026-09-12T21:46:46+00:00 | 臺南旅遊網: 2026-09-12T21:25:08+00:00","2026-09-12T21:25:08+00:00"
"Restaurant_395000000A_001057","台南度小月擔仔麵原始店本舖","臺南市","中西區","臺南市中西區中正路16號","(06)2231744","週一~週日11:00–21:30","已核對欄位","https://data.gov.tw/dataset/7779 | https://www.twtainan.net/zh-tw/shop/consume/1057/","交通部觀光署: 2022-12-05T15:46:59+08:00 | 臺南旅遊網: 2022-12-05T15:46:59.953","交通部觀光署: 2026-09-12T21:46:46+00:00 | 臺南旅遊網: 2026-09-12T21:25:09+00:00","2026-09-12T21:25:09+00:00"
"Restaurant_395000000A_001058","楊哥楊嫂肉粽店","臺南市","中西區","臺南市中西區慶中街41號","(06)2141742","週一~週五07:00–19:30週六~週日07:00–19:00","已核對欄位","https://data.gov.tw/dataset/7779 | https://www.twtainan.net/zh-tw/shop/consume/1058/","交通部觀光署: 2026-02-24T10:59:51+08:00 | 臺南旅遊網: 2026-02-24T10:59:51.67","交通部觀光署: 2026-09-12T21:46:46+00:00 | 臺南旅遊網: 2026-09-12T21:25:10+00:00","2026-09-12T21:25:10+00:00"
"Restaurant_395000000A_001059","小西腳碗粿","臺南市","南區","臺南市南區夏林路1-29號","(06)2245000","週一~週日10:30–19:00","已核對欄位","https://data.gov.tw/dataset/7779 | https://www.twtainan.net/zh-tw/shop/consume/1059/","交通部觀光署: 2022-12-05T15:31:31+08:00 | 臺南旅遊網: 2022-12-05T15:31:31.103","交通部觀光署: 2026-09-12T21:46:46+00:00 | 臺南旅遊網: 2026-09-12T21:25:11+00:00","2026-09-12T21:25:11+00:00"
"Restaurant_395000000A_001060","阿輝炒鱔魚","臺南市","北區","臺南市北區公園路864號","(06)2824606","週一~週日15:00~00:00","已核對欄位","https://data.gov.tw/dataset/7779 | https://www.twtainan.net/zh-tw/shop/consume/1060/","交通部觀光署: 2022-12-05T15:37:50+08:00 | 臺南旅遊網: 2022-12-05T15:37:50.983","交通部觀光署: 2026-09-12T21:46:46+00:00 | 臺南旅遊網: 2026-09-12T21:25:12+00:00","2026-09-12T21:25:12+00:00"
"Restaurant_395000000A_001061","再發號肉粽","臺南市","中西區","臺南市中西區民權路二段71號","(06)2223577","週一~週日10:00~20:30","已核對欄位","https://data.gov.tw/dataset/7779 | https://www.twtainan.net/zh-tw/shop/consume/1061/","交通部觀光署: 2022-12-05T15:31:28+08:00 | 臺南旅遊網: 2022-12-05T15:31:28.57","交通部觀光署: 2026-09-12T21:46:46+00:00 | 臺南旅遊網: 2026-09-12T21:25:13+00:00","2026-09-12T21:25:13+00:00"
"Restaurant_395000000A_001063","明新食品-安南店","臺南市","安南區","臺南市安南區海佃路一段52號","(06)2803775","週一~週日09:30–21:30","已核對欄位","https://data.gov.tw/dataset/7779 | https://www.twtainan.net/zh-tw/shop/consume/1063/","交通部觀光署: 2026-01-12T10:40:48+08:00 | 臺南旅遊網: 2026-01-12T10:40:48.077","交通部觀光署: 2026-09-12T21:46:46+00:00 | 臺南旅遊網: 2026-09-12T21:46:48+00:00","2026-09-12T21:46:48+00:00"
"Restaurant_395000000A_001064","大鋤花間","臺南市","東山區","臺南市東山區高原里109-17號","(06)6864350","週一~週五10:00~18:00週六、日10:00~21:00，週二休息","已核對欄位","https://data.gov.tw/dataset/7779 | https://www.twtainan.net/zh-tw/shop/consume/1064/","交通部觀光署: 2022-12-05T15:30:58+08:00 | 臺南旅遊網: 2022-12-05T15:30:58.233","交通部觀光署: 2026-09-12T21:46:46+00:00 | 臺南旅遊網: 2026-09-12T21:46:49+00:00","2026-09-12T21:46:49+00:00"
"Restaurant_395000000A_001065","善化糖廠門市部","臺南市","善化區","臺南市善化區溪美里262號","(06)5810218","週一~週日09:00–17:00","已核對欄位","https://data.gov.tw/dataset/7779 | https://www.twtainan.net/zh-tw/shop/consume/1065/","交通部觀光署: 2022-11-30T12:00:03+08:00 | 臺南旅遊網: 2022-11-30T12:00:03.633","交通部觀光署: 2026-09-12T21:46:46+00:00 | 臺南旅遊網: 2026-09-12T21:46:50+00:00","2026-09-12T21:46:50+00:00"
"Restaurant_395000000A_001068","阿三意麵","臺南市","鹽水區","臺南市鹽水區康樂路56號","(06)6526750","週一~週五07:00–17:30 週六~週日07:00–18:30","已核對欄位","https://data.gov.tw/dataset/7779 | https://www.twtainan.net/zh-tw/shop/consume/1068/","交通部觀光署: 2022-12-05T15:31:10+08:00 | 臺南旅遊網: 2022-12-05T15:31:10.7","交通部觀光署: 2026-09-12T21:46:46+00:00 | 臺南旅遊網: 2026-09-12T21:46:51+00:00","2026-09-12T21:46:51+00:00"
"Restaurant_395000000A_001069","泰香餅舖水果餅","臺南市","新化區","臺南市新化區中正路431號","(06)5906688","週一~週日07:30~20:30","已核對欄位","https://data.gov.tw/dataset/7779 | https://www.twtainan.net/zh-tw/shop/consume/1069/","交通部觀光署: 2022-12-05T15:33:09+08:00 | 臺南旅遊網: 2022-12-05T15:33:09","交通部觀光署: 2026-09-12T21:46:46+00:00 | 臺南旅遊網: 2026-09-12T21:46:52+00:00","2026-09-12T21:46:52+00:00"
"Restaurant_395000000A_001071","榮義蜜餞行","臺南市","中西區","臺南市中西區海安路2段29號","(06)2269911","週一~週日10:00-22:00","已核對欄位","https://data.gov.tw/dataset/7779 | https://www.twtainan.net/zh-tw/shop/consume/1071/","交通部觀光署: 2022-12-05T15:31:07+08:00 | 臺南旅遊網: 2022-12-05T15:31:07.013","交通部觀光署: 2026-09-12T21:46:46+00:00 | 臺南旅遊網: 2026-09-12T21:46:53+00:00","2026-09-12T21:46:53+00:00"
"Restaurant_395000000A_001072","克林台包","臺南市","中西區","臺南市中西區府前路一段218號","(06)2222257","週一~週日08:00–21:00","已核對欄位","https://data.gov.tw/dataset/7779 | https://www.twtainan.net/zh-tw/shop/consume/1072/","交通部觀光署: 2022-12-05T15:31:33+08:00 | 臺南旅遊網: 2022-12-05T15:31:33.733","交通部觀光署: 2026-09-12T21:46:46+00:00 | 臺南旅遊網: 2026-09-12T21:46:54+00:00","2026-09-12T21:46:54+00:00"
"Restaurant_395000000A_001073","振來發囍餅蛋糕","臺南市","中西區","臺南市中西區民族路三段209號","(06)2224874","週一~週日08:00–20:30","已核對欄位","https://data.gov.tw/dataset/7779 | https://www.twtainan.net/zh-tw/shop/consume/1073/","交通部觀光署: 2022-12-05T15:31:36+08:00 | 臺南旅遊網: 2022-12-05T15:31:36.533","交通部觀光署: 2026-09-12T21:46:46+00:00 | 臺南旅遊網: 2026-09-12T21:46:55+00:00","2026-09-12T21:46:55+00:00"
"Restaurant_395000000A_001074","雙全紅茶","臺南市","中西區","臺南市中西區中正路131巷2號","(06)2288431","週一~週六11:00–18:00，週日休息","已核對欄位","https://data.gov.tw/dataset/7779 | https://www.twtainan.net/zh-tw/shop/consume/1074/","交通部觀光署: 2022-12-05T15:31:39+08:00 | 臺南旅遊網: 2022-12-05T15:31:39.463","交通部觀光署: 2026-09-12T21:46:46+00:00 | 臺南旅遊網: 2026-09-12T21:46:56+00:00","2026-09-12T21:46:56+00:00"
"Restaurant_395000000A_001075","順天冰棒","臺南市","中西區","臺南市中西區開山路151巷7-1號","(06)2135685","週一~週日09:00~21:00","已核對欄位","https://data.gov.tw/dataset/7779 | https://www.twtainan.net/zh-tw/shop/consume/1075/","交通部觀光署: 2022-12-05T15:46:47+08:00 | 臺南旅遊網: 2022-12-05T15:46:47.22","交通部觀光署: 2026-09-12T21:46:46+00:00 | 臺南旅遊網: 2026-09-12T21:46:57+00:00","2026-09-12T21:46:57+00:00"
"Restaurant_395000000A_001076","友誠蝦仁肉圓","臺南市","中西區","臺南市中西區開山路118號","(06)2244580","週一~週日09:45–20:00","已核對欄位","https://data.gov.tw/dataset/7779 | https://www.twtainan.net/zh-tw/shop/consume/1076/","交通部觀光署: 2022-12-05T15:31:45+08:00 | 臺南旅遊網: 2022-12-05T15:31:45.737","交通部觀光署: 2026-09-12T21:46:46+00:00 | 臺南旅遊網: 2026-09-12T21:46:58+00:00","2026-09-12T21:46:58+00:00"
"Restaurant_395000000A_001077","台南小南碗粿","臺南市","中西區","臺南市中西區府前路二段140號","(06)2243136","週一~週日09:30–16:00，週三休息","已核對欄位","https://data.gov.tw/dataset/7779 | https://www.twtainan.net/zh-tw/shop/consume/1077/","交通部觀光署: 2022-12-05T15:31:42+08:00 | 臺南旅遊網: 2022-12-05T15:31:42.597","交通部觀光署: 2026-09-12T21:46:46+00:00 | 臺南旅遊網: 2026-09-12T21:46:59+00:00","2026-09-12T21:46:59+00:00"
"Restaurant_395000000A_001079","阿霞飯店","臺南市","中西區","臺南市中西區忠義路二段84巷7號","(06)2224420","週二~週日11:00~14:00、17:00~20:00，週一休息","已核對欄位","https://data.gov.tw/dataset/7779 | https://www.twtainan.net/zh-tw/shop/consume/1079/","交通部觀光署: 2022-11-30T12:00:03+08:00 | 臺南旅遊網: 2022-11-30T12:00:03.243","交通部觀光署: 2026-09-12T21:46:46+00:00 | 臺南旅遊網: 2026-09-12T21:47:00+00:00","2026-09-12T21:47:00+00:00"
"Restaurant_395000000A_001080","阿美飯店","臺南市","中西區","臺南市中西區民權路二段98號","(06)2222848","週一~週日11:00~14:00、17:00~21:00，週二休息","已核對欄位","https://data.gov.tw/dataset/7779 | https://www.twtainan.net/zh-tw/shop/consume/1080/","交通部觀光署: 2022-12-05T15:46:43+08:00 | 臺南旅遊網: 2022-12-05T15:46:43.253","交通部觀光署: 2026-09-12T21:46:46+00:00 | 臺南旅遊網: 2026-09-12T21:47:01+00:00","2026-09-12T21:47:01+00:00"
"Restaurant_395000000A_001083","金華61鴉片綠豆蒜 - 台南安平總店","臺南市","安平區","臺南市安平區古堡街51-4號","(06)2235399","週一~週五11:30–18:00 週六~週日10:00–19:30","已核對欄位","https://data.gov.tw/dataset/7779 | https://www.twtainan.net/zh-tw/shop/consume/1083/","交通部觀光署: 2022-12-05T15:40:22+08:00 | 臺南旅遊網: 2022-12-05T15:40:22.977","交通部觀光署: 2026-09-12T21:46:46+00:00 | 臺南旅遊網: 2026-09-12T21:47:02+00:00","2026-09-12T21:47:02+00:00"
"Restaurant_395000000A_001087","修安扁擔豆花","臺南市","中西區","臺南市中西區國華街三段157號","(06)2261069","週一~週日08:00~22:00","已核對欄位","https://data.gov.tw/dataset/7779 | https://www.twtainan.net/zh-tw/shop/consume/1087/","交通部觀光署: 2022-12-05T15:37:59+08:00 | 臺南旅遊網: 2022-12-05T15:37:59.253","交通部觀光署: 2026-09-12T21:46:46+00:00 | 臺南旅遊網: 2026-09-12T21:47:03+00:00","2026-09-12T21:47:03+00:00"
"Restaurant_395000000A_001090","辛村籽滷味","臺南市","安平區","臺南市安平區平生路38-1號","(06)2213341","週二~週日09:30–14:00，週一休息","已核對欄位","https://data.gov.tw/dataset/7779 | https://www.twtainan.net/zh-tw/shop/consume/1090/","交通部觀光署: 2022-12-05T15:46:40+08:00 | 臺南旅遊網: 2022-12-05T15:46:40.833","交通部觀光署: 2026-09-12T21:46:46+00:00 | 臺南旅遊網: 2026-09-12T21:47:04+00:00","2026-09-12T21:47:04+00:00"
"Restaurant_395000000A_001092","阿輝炒鱔魚","臺南市","中西區","臺南市中西區西門路2段352號","(06)2215540","週一~週日14:30–20:00","已核對欄位","https://data.gov.tw/dataset/7779 | https://www.twtainan.net/zh-tw/shop/consume/1092/","交通部觀光署: 2022-02-02T12:01:56+08:00 | 臺南旅遊網: 2022-02-02T12:01:56.323","交通部觀光署: 2026-09-12T21:46:46+00:00 | 臺南旅遊網: 2026-09-12T21:47:05+00:00","2026-09-12T21:47:05+00:00"
"Restaurant_395000000A_001095","龍門客棧餐廳","臺南市","七股區","臺南市七股區中寮里8-41號","(06)7800658","週一~週五10:00–02:30 週六~週日10:00–21:00","已核對欄位","https://data.gov.tw/dataset/7779 | https://www.twtainan.net/zh-tw/shop/consume/1095/","交通部觀光署: 2022-12-05T15:38:01+08:00 | 臺南旅遊網: 2022-12-05T15:38:01.63","交通部觀光署: 2026-09-12T21:46:46+00:00 | 臺南旅遊網: 2026-09-12T21:47:06+00:00","2026-09-12T21:47:06+00:00"
"Restaurant_395000000A_001096","日勿rhalife - 赤崁糖原糖概念館","臺南市","中西區","臺南市中西區永福路二段184號","(06)2230209","週一~週五10:00–19:00 週六~週日09:00–21:00","已核對欄位","https://data.gov.tw/dataset/7779 | https://www.twtainan.net/zh-tw/shop/consume/1096/","交通部觀光署: 2025-03-06T09:01:50+08:00 | 臺南旅遊網: 2025-03-06T09:01:50.51","交通部觀光署: 2026-09-12T21:46:46+00:00 | 臺南旅遊網: 2026-09-12T21:47:07+00:00","2026-09-12T21:47:07+00:00"
"Restaurant_395000000A_001098","玉井區農會熱情小子芒果冰館","臺南市","玉井區","臺南市玉井區中正路139號","(06)5748552","","已核對欄位","https://data.gov.tw/dataset/7779 | https://www.twtainan.net/zh-tw/shop/consume/1098/","交通部觀光署: 2024-07-16T08:38:42+08:00 | 臺南旅遊網: 2024-07-16T08:38:42.83","交通部觀光署: 2026-09-12T21:46:46+00:00 | 臺南旅遊網: 2026-09-12T21:47:08+00:00","2026-09-12T21:47:08+00:00"
"Restaurant_395000000A_001102","蓮圃園蓮產品DIY觀光工廠","臺南市","白河區","臺南市白河區河東里99-1號","(06)6841188","週一~週日08:00~18:00","已核對欄位","https://data.gov.tw/dataset/7779 | https://www.twtainan.net/zh-tw/shop/consume/1102/","交通部觀光署: 2022-12-05T15:46:33+08:00 | 臺南旅遊網: 2022-12-05T15:46:33.927","交通部觀光署: 2026-09-12T21:46:46+00:00 | 臺南旅遊網: 2026-09-12T21:47:09+00:00","2026-09-12T21:47:09+00:00"
"Restaurant_395000000A_001103","牧大畜牧場（瑞牧二場）","臺南市","後壁區","臺南市後壁區新嘉里1-30號","(06)6623768","週一~週日08:00~17:00","已核對欄位","https://data.gov.tw/dataset/7779 | https://www.twtainan.net/zh-tw/shop/consume/1103/","交通部觀光署: 2022-12-05T15:46:31+08:00 | 臺南旅遊網: 2022-12-05T15:46:31.137","交通部觀光署: 2026-09-12T21:46:46+00:00 | 臺南旅遊網: 2026-09-12T21:47:10+00:00","2026-09-12T21:47:10+00:00"
"Restaurant_395000000A_001106","東山產業生產合作社","臺南市","東山區","臺南市東山區青山里青山37之1號","(06)6861037","週一~週日09:00-18:00","已核對欄位","https://data.gov.tw/dataset/7779 | https://www.twtainan.net/zh-tw/shop/consume/1106/","交通部觀光署: 2022-12-05T15:46:29+08:00 | 臺南旅遊網: 2022-12-05T15:46:29.683","交通部觀光署: 2026-09-12T21:46:46+00:00 | 臺南旅遊網: 2026-09-12T21:47:11+00:00","2026-09-12T21:47:11+00:00"
"Restaurant_395000000A_001107","芳榮米廠","臺南市","後壁區","臺南市後壁區頂長里長短樹1號","(06)6622149","週一~週六08:00–18:00，週日休息","已核對欄位","https://data.gov.tw/dataset/7779 | https://www.twtainan.net/zh-tw/shop/consume/1107/","交通部觀光署: 2022-12-05T15:46:26+08:00 | 臺南旅遊網: 2022-12-05T15:46:26.563","交通部觀光署: 2026-09-12T21:46:46+00:00 | 臺南旅遊網: 2026-09-12T21:47:12+00:00","2026-09-12T21:47:12+00:00"
"Restaurant_395000000A_001108","舊永瑞珍喜餅","臺南市","中西區","臺南市中西區永福路二段181號","(06)2223716","週一~週日09:00–21:00","已核對欄位","https://data.gov.tw/dataset/7779 | https://www.twtainan.net/zh-tw/shop/consume/1108/","交通部觀光署: 2025-05-13T08:10:53+08:00 | 臺南旅遊網: 2025-05-13T08:10:53.377","交通部觀光署: 2026-09-12T21:46:46+00:00 | 臺南旅遊網: 2026-09-12T21:47:13+00:00","2026-09-12T21:47:13+00:00"
"Restaurant_395000000A_001109","松稜.擔露駐在所","臺南市","中西區","臺南市中西區民族路二段405號","(06)2232376","週一~週日11:00–20:00，週二休息","已核對欄位","https://data.gov.tw/dataset/7779 | https://www.twtainan.net/zh-tw/shop/consume/1109/","交通部觀光署: 2022-12-05T15:31:48+08:00 | 臺南旅遊網: 2022-12-05T15:31:48.03","交通部觀光署: 2026-09-12T21:46:46+00:00 | 臺南旅遊網: 2026-09-12T21:47:14+00:00","2026-09-12T21:47:14+00:00"
"Restaurant_395000000A_001110","王家庄狀元粿","臺南市","中西區","臺南市中西區友愛街300號","(06)2233239","週一~週日13:30–18:30，週二~週三休息","已核對欄位","https://data.gov.tw/dataset/7779 | https://www.twtainan.net/zh-tw/shop/consume/1110/","交通部觀光署: 2022-12-05T15:31:50+08:00 | 臺南旅遊網: 2022-12-05T15:31:50.333","交通部觀光署: 2026-09-12T21:46:46+00:00 | 臺南旅遊網: 2026-09-12T21:47:15+00:00","2026-09-12T21:47:15+00:00"
"Restaurant_395000000A_001111","寶來香餅鋪","臺南市","中西區","臺南市中西區神農街8號","(06)2276886","週二~週日08:00–16:00，週一休息","已核對欄位","https://data.gov.tw/dataset/7779 | https://www.twtainan.net/zh-tw/shop/consume/1111/","交通部觀光署: 2022-12-05T15:31:52+08:00 | 臺南旅遊網: 2022-12-05T15:31:52.66","交通部觀光署: 2026-09-12T21:46:46+00:00 | 臺南旅遊網: 2026-09-12T21:47:16+00:00","2026-09-12T21:47:16+00:00"
"Restaurant_395000000A_001113","莉莉水果店","臺南市","中西區","臺南市中西區府前路一段199號","(06)2137522","週二~週日11:00–22:30，週一休息","已核對欄位","https://data.gov.tw/dataset/7779 | https://www.twtainan.net/zh-tw/shop/consume/1113/","交通部觀光署: 2022-12-05T15:31:55+08:00 | 臺南旅遊網: 2022-12-05T15:31:55.417","交通部觀光署: 2026-09-12T21:46:46+00:00 | 臺南旅遊網: 2026-09-12T21:47:17+00:00","2026-09-12T21:47:17+00:00"
"Restaurant_395000000A_001114","阿憨鹹粥","臺南市","北區","臺南市北區公園南路169號","(06)2218699","週一~週日06:20~22:00","已核對欄位","https://data.gov.tw/dataset/7779 | https://www.twtainan.net/zh-tw/shop/consume/1114/","交通部觀光署: 2022-12-05T15:31:57+08:00 | 臺南旅遊網: 2022-12-05T15:31:57.933","交通部觀光署: 2026-09-12T21:46:46+00:00 | 臺南旅遊網: 2026-09-12T21:47:18+00:00","2026-09-12T21:47:18+00:00"
"Restaurant_395000000A_001115","福榮小吃店","臺南市","中西區","臺南市中西區國華街三段1號","(06)2212805","週一~週日08:00~21:00","已核對欄位","https://data.gov.tw/dataset/7779 | https://www.twtainan.net/zh-tw/shop/consume/1115/","交通部觀光署: 2025-02-03T08:26:16+08:00 | 臺南旅遊網: 2025-02-03T08:26:16.68","交通部觀光署: 2026-09-12T21:46:46+00:00 | 臺南旅遊網: 2026-09-12T21:47:19+00:00","2026-09-12T21:47:19+00:00"
"Restaurant_395000000A_001116","赤崁棺材板","臺南市","中西區","臺南市中西區中正路康樂市場180號攤位","(06)2240014","週一~週日11:00~21:00","已核對欄位","https://data.gov.tw/dataset/7779 | https://www.twtainan.net/zh-tw/shop/consume/1116/","交通部觀光署: 2022-12-05T15:32:03+08:00 | 臺南旅遊網: 2022-12-05T15:32:03.17","交通部觀光署: 2026-09-12T21:46:46+00:00 | 臺南旅遊網: 2026-09-12T21:47:20+00:00","2026-09-12T21:47:20+00:00"
"Restaurant_395000000A_001118","榮盛米糕","臺南市","中西區","臺南市中西區友愛街康樂市場106號","(06)2209545","週一~週日10:30–18:00","已核對欄位","https://data.gov.tw/dataset/7779 | https://www.twtainan.net/zh-tw/shop/consume/1118/","交通部觀光署: 2022-12-05T15:32:08+08:00 | 臺南旅遊網: 2022-12-05T15:32:08.517","交通部觀光署: 2026-09-12T21:46:46+00:00 | 臺南旅遊網: 2026-09-12T21:47:21+00:00","2026-09-12T21:47:21+00:00"
"Restaurant_395000000A_001119","第三代虱目魚丸","臺南市","中西區","臺南市中西區府前路一段210號","(06)2209539","週一~週日06:00–14:00","已核對欄位","https://data.gov.tw/dataset/7779 | https://www.twtainan.net/zh-tw/shop/consume/1119/","交通部觀光署: 2025-05-05T09:34:17+08:00 | 臺南旅遊網: 2025-05-05T09:34:17.973","交通部觀光署: 2026-09-12T21:46:46+00:00 | 臺南旅遊網: 2026-09-12T21:47:22+00:00","2026-09-12T21:47:22+00:00"
"Restaurant_395000000A_001121","甘本堂蛋糕烘焙坊","臺南市","中西區","臺南市中西區民生路一段35號","(06)2233632","""週一~週六09:00–21:30 週日10:00–19:00""","已核對欄位","https://data.gov.tw/dataset/7779 | https://www.twtainan.net/zh-tw/shop/consume/1121/","交通部觀光署: 2022-12-05T15:32:12+08:00 | 臺南旅遊網: 2022-12-05T15:32:12.507","交通部觀光署: 2026-09-12T21:46:46+00:00 | 臺南旅遊網: 2026-09-12T21:47:23+00:00","2026-09-12T21:47:23+00:00"
"Restaurant_395000000A_001122","莊子土豆仁湯","臺南市","中西區","臺南市中西區民生路二段86號","(06)2218529","週二~週日14:00–22:00，周一休息","已核對欄位","https://data.gov.tw/dataset/7779 | https://www.twtainan.net/zh-tw/shop/consume/1122/","交通部觀光署: 2022-12-05T15:32:14+08:00 | 臺南旅遊網: 2022-12-05T15:32:14.107","交通部觀光署: 2026-09-12T21:46:46+00:00 | 臺南旅遊網: 2026-09-12T21:47:24+00:00","2026-09-12T21:47:24+00:00"
"Restaurant_395000000A_001123","美勝珍蜜餞","臺南市","中西區","臺南市中西區中正路235號","(06)2225618","週一~週日11:00–23:00","已核對欄位","https://data.gov.tw/dataset/7779 | https://www.twtainan.net/zh-tw/shop/consume/1123/","交通部觀光署: 2022-12-05T15:32:16+08:00 | 臺南旅遊網: 2022-12-05T15:32:16.447","交通部觀光署: 2026-09-12T21:46:46+00:00 | 臺南旅遊網: 2026-09-12T21:47:25+00:00","2026-09-12T21:47:25+00:00"
"Restaurant_395000000A_001124","萬川號餅舖","臺南市","中西區","臺南市中西區民權路一段205號","(06)2223234","週二~週日08:00~22:00，周一休息","已核對欄位","https://data.gov.tw/dataset/7779 | https://www.twtainan.net/zh-tw/shop/consume/1124/","交通部觀光署: 2022-12-05T15:31:14+08:00 | 臺南旅遊網: 2022-12-05T15:31:14.957","交通部觀光署: 2026-09-12T21:46:46+00:00 | 臺南旅遊網: 2026-09-12T21:47:26+00:00","2026-09-12T21:47:26+00:00"
"Restaurant_395000000A_001126","舊來發餅舖","臺南市","北區","臺南市北區自強街15號","(06)2258663","週一~週日09:30–20:30","已核對欄位","https://data.gov.tw/dataset/7779 | https://www.twtainan.net/zh-tw/shop/consume/1126/","交通部觀光署: 2022-12-05T15:32:24+08:00 | 臺南旅遊網: 2022-12-05T15:32:24.55","交通部觀光署: 2026-09-12T21:46:46+00:00 | 臺南旅遊網: 2026-09-12T21:47:27+00:00","2026-09-12T21:47:27+00:00"
"Restaurant_395000000A_001127","信裕軒","臺南市","中西區","臺南市中西區民族路二段389號","(06)2285606","週一~週日10:00–21:00","已核對欄位","https://data.gov.tw/dataset/7779 | https://www.twtainan.net/zh-tw/shop/consume/1127/","交通部觀光署: 2022-12-05T15:32:26+08:00 | 臺南旅遊網: 2022-12-05T15:32:26.293","交通部觀光署: 2026-09-12T21:46:46+00:00 | 臺南旅遊網: 2026-09-12T21:47:28+00:00","2026-09-12T21:47:28+00:00"
"Restaurant_395000000A_001128","義豐冬瓜茶","臺南市","中西區","臺南市中西區永福路二段216號","(06)2595957","週一~週日09:00–22:00","已核對欄位","https://data.gov.tw/dataset/7779 | https://www.twtainan.net/zh-tw/shop/consume/1128/","交通部觀光署: 2022-02-02T12:03:29+08:00 | 臺南旅遊網: 2022-02-02T12:03:29.993","交通部觀光署: 2026-09-12T21:46:46+00:00 | 臺南旅遊網: 2026-09-12T21:47:29+00:00","2026-09-12T21:47:29+00:00"
"Restaurant_395000000A_001130","林永泰興蜜餞行","臺南市","安平區","臺南市安平區延平街84號","(06)2259041","週一~週日11:30–20:00","已核對欄位","https://data.gov.tw/dataset/7779 | https://www.twtainan.net/zh-tw/shop/consume/1130/","交通部觀光署: 2022-12-05T15:32:27+08:00 | 臺南旅遊網: 2022-12-05T15:32:27.81","交通部觀光署: 2026-09-12T21:46:46+00:00 | 臺南旅遊網: 2026-09-12T21:47:30+00:00","2026-09-12T21:47:30+00:00"
"Restaurant_395000000A_001131","連得堂餅家","臺南市","北區","臺南市北區崇安街54號","(06)2258429","週一~週五08:00–20:00 週六~週日08:00–18:00","已核對欄位","https://data.gov.tw/dataset/7779 | https://www.twtainan.net/zh-tw/shop/consume/1131/","交通部觀光署: 2022-12-05T15:32:29+08:00 | 臺南旅遊網: 2022-12-05T15:32:29.347","交通部觀光署: 2026-09-12T21:46:46+00:00 | 臺南旅遊網: 2026-09-12T21:47:31+00:00","2026-09-12T21:47:31+00:00"
"Restaurant_395000000A_001132","振發茶行","臺南市","中西區","臺南市中西區民權路一段137號","(06)2223532","週一~週日10:00~18:30","已核對欄位","https://data.gov.tw/dataset/7779 | https://www.twtainan.net/zh-tw/shop/consume/1132/","交通部觀光署: 2022-12-05T15:32:31+08:00 | 臺南旅遊網: 2022-12-05T15:32:31.243","交通部觀光署: 2026-09-12T21:46:46+00:00 | 臺南旅遊網: 2026-09-12T21:47:32+00:00","2026-09-12T21:47:32+00:00"
"Restaurant_395000000A_001133","金德春老茶莊","臺南市","中西區","臺南市中西區新美街109號","(06)2284682","週一~週日09:00–20:00","已核對欄位","https://data.gov.tw/dataset/7779 | https://www.twtainan.net/zh-tw/shop/consume/1133/","交通部觀光署: 2022-12-05T15:31:19+08:00 | 臺南旅遊網: 2022-12-05T15:31:19.103","交通部觀光署: 2026-09-12T21:46:46+00:00 | 臺南旅遊網: 2026-09-12T21:47:33+00:00","2026-09-12T21:47:33+00:00"
"Restaurant_395000000A_001134","文峰茶莊","臺南市","中西區","臺南市中西區民權路二段36號","(06)2245591","週一~週日09:00~23:00","已核對欄位","https://data.gov.tw/dataset/7779 | https://www.twtainan.net/zh-tw/shop/consume/1134/","交通部觀光署: 2022-12-05T15:31:20+08:00 | 臺南旅遊網: 2022-12-05T15:31:20.973","交通部觀光署: 2026-09-12T21:46:46+00:00 | 臺南旅遊網: 2026-09-12T21:47:34+00:00","2026-09-12T21:47:34+00:00"
"Restaurant_395000000A_001135","安平貴記美食文化館","臺南市","安平區","臺南市安平區延平街93號","(06)2229794","週一~週五11:00–19:00 週六~週日11:00–20:00","已核對欄位","https://data.gov.tw/dataset/7779 | https://www.twtainan.net/zh-tw/shop/consume/1135/","交通部觀光署: 2023-12-07T00:41:30+08:00 | 臺南旅遊網: 2023-12-07T00:41:30.25","交通部觀光署: 2026-09-12T21:46:46+00:00 | 臺南旅遊網: 2026-09-12T21:47:35+00:00","2026-09-12T21:47:35+00:00"
"Restaurant_395000000A_001136","集品蝦仁飯","臺南市","中西區","臺南市中西區海安路一段107號","(06)2263929","週一~週日09:30–20:00","已核對欄位","https://data.gov.tw/dataset/7779 | https://www.twtainan.net/zh-tw/shop/consume/1136/","交通部觀光署: 2022-12-05T15:32:35+08:00 | 臺南旅遊網: 2022-12-05T15:32:35.743","交通部觀光署: 2026-09-12T21:46:46+00:00 | 臺南旅遊網: 2026-09-12T21:47:36+00:00","2026-09-12T21:47:36+00:00"
"Restaurant_395000000A_001138","品香肉粽","臺南市","東區","臺南市東區府連東路41號","(06)2745588","週一~週日07:00–20:00","已核對欄位","https://data.gov.tw/dataset/7779 | https://www.twtainan.net/zh-tw/shop/consume/1138/","交通部觀光署: 2022-12-05T15:32:40+08:00 | 臺南旅遊網: 2022-12-05T15:32:40.417","交通部觀光署: 2026-09-12T21:46:46+00:00 | 臺南旅遊網: 2026-09-12T21:47:37+00:00","2026-09-12T21:47:37+00:00"
"Restaurant_395000000A_001140","府城大水缸","臺南市","南區","臺南市南區文南路325號","(06)2921316","週一~週六09:30–22:00 週日09:30–17:00","已核對欄位","https://data.gov.tw/dataset/7779 | https://www.twtainan.net/zh-tw/shop/consume/1140/","交通部觀光署: 2022-12-05T15:32:46+08:00 | 臺南旅遊網: 2022-12-05T15:32:46.42","交通部觀光署: 2026-09-12T21:46:46+00:00 | 臺南旅遊網: 2026-09-12T21:47:38+00:00","2026-09-12T21:47:38+00:00"
"Restaurant_395000000A_001142","瑞珍蝦仁餛飩","臺南市","安平區","臺南市安平區效忠街79號","(06)2285024","週一~週五09:00–19:00 週六~週日08:00–20:00","已核對欄位","https://data.gov.tw/dataset/7779 | https://www.twtainan.net/zh-tw/shop/consume/1142/","交通部觀光署: 2018-12-13T15:41:57+08:00 | 臺南旅遊網: 2018-12-13T15:41:57.22","交通部觀光署: 2026-09-12T21:46:46+00:00 | 臺南旅遊網: 2026-09-12T21:47:39+00:00","2026-09-12T21:47:39+00:00"
"Restaurant_395000000A_001143","玉井之門","臺南市","中西區","臺南市中西區民族路二段325號","(06)2218713","週一~週日10:00-21:00","已核對欄位","https://data.gov.tw/dataset/7779 | https://www.twtainan.net/zh-tw/shop/consume/1143/","交通部觀光署: 2022-12-05T15:32:49+08:00 | 臺南旅遊網: 2022-12-05T15:32:49.547","交通部觀光署: 2026-09-12T21:46:46+00:00 | 臺南旅遊網: 2026-09-12T21:47:40+00:00","2026-09-12T21:47:40+00:00"
"Restaurant_395000000A_001144","章成麥芽餅-安平店","臺南市","安平區","臺南市安平區安平路518號","(06)5956688","週一~週日10:00-21:00","已核對欄位","https://data.gov.tw/dataset/7779 | https://www.twtainan.net/zh-tw/shop/consume/1144/","交通部觀光署: 2022-12-05T15:32:51+08:00 | 臺南旅遊網: 2022-12-05T15:32:51.84","交通部觀光署: 2026-09-12T21:46:46+00:00 | 臺南旅遊網: 2026-09-12T21:47:41+00:00","2026-09-12T21:47:41+00:00"
"Restaurant_395000000A_001145","台南安平得意蝦餅","臺南市","安平區","臺南市安平區安平路123號","(06)2205858","週一~週五10:00–19:00 週六~週日10:00–20:00","已核對欄位","https://data.gov.tw/dataset/7779 | https://www.twtainan.net/zh-tw/shop/consume/1145/","交通部觀光署: 2022-12-05T15:32:54+08:00 | 臺南旅遊網: 2022-12-05T15:32:54.893","交通部觀光署: 2026-09-12T21:46:46+00:00 | 臺南旅遊網: 2026-09-12T21:47:42+00:00","2026-09-12T21:47:42+00:00"
"Restaurant_395000000A_001151","蝦到爆","臺南市","安平區","臺南市安平區安平路592-1號","(06)2293968","週一~週五10:00–16:00 週六~週日09:30–18:00","已核對欄位","https://data.gov.tw/dataset/7779 | https://www.twtainan.net/zh-tw/shop/consume/1151/","交通部觀光署: 2022-12-05T15:31:22+08:00 | 臺南旅遊網: 2022-12-05T15:31:22.483","交通部觀光署: 2026-09-12T21:46:46+00:00 | 臺南旅遊網: 2026-09-12T21:47:43+00:00","2026-09-12T21:47:43+00:00"
"Restaurant_395000000A_001155","順利餅舖","臺南市","安南區","臺南市安南區長和路二段192號","(06)3552284","週一~週日09:00~22:00週六09:00~19:00","已核對欄位","https://data.gov.tw/dataset/7779 | https://www.twtainan.net/zh-tw/shop/consume/1155/","交通部觀光署: 2022-12-05T15:33:02+08:00 | 臺南旅遊網: 2022-12-05T15:33:02.93","交通部觀光署: 2026-09-12T21:46:46+00:00 | 臺南旅遊網: 2026-09-12T21:47:44+00:00","2026-09-12T21:47:44+00:00"
"Restaurant_395000000A_001159","福樂屋","臺南市","中西區","臺南市中西區忠義路二段113號","0978417410","週一~週日09:00~22:00","已核對欄位","https://data.gov.tw/dataset/7779 | https://www.twtainan.net/zh-tw/shop/consume/1159/","交通部觀光署: 2025-08-12T13:49:28+08:00 | 臺南旅遊網: 2025-08-12T13:49:28.93","交通部觀光署: 2026-09-12T21:46:46+00:00 | 臺南旅遊網: 2026-09-12T21:47:45+00:00","2026-09-12T21:47:45+00:00"
"Restaurant_395000000A_001160","同記安平豆花","臺南市","安平區","臺南市安平區安北路433號","(06)3915385","週一~週日09:00–23:00","已核對欄位","https://data.gov.tw/dataset/7779 | https://www.twtainan.net/zh-tw/shop/consume/1160/","交通部觀光署: 2022-02-02T12:03:11+08:00 | 臺南旅遊網: 2022-02-02T12:03:11.947","交通部觀光署: 2026-09-12T21:46:46+00:00 | 臺南旅遊網: 2026-09-12T21:47:46+00:00","2026-09-12T21:47:46+00:00"
"Restaurant_395000000A_001161","小南米糕","臺南市","東區","臺南市東區大同路一段189號","(06)2137718","週一~週日10:00–20:30","已核對欄位","https://data.gov.tw/dataset/7779 | https://www.twtainan.net/zh-tw/shop/consume/1161/","交通部觀光署: 2022-12-05T15:46:22+08:00 | 臺南旅遊網: 2022-12-05T15:46:22","交通部觀光署: 2026-09-12T21:46:46+00:00 | 臺南旅遊網: 2026-09-12T21:47:47+00:00","2026-09-12T21:47:47+00:00"
"Restaurant_395000000A_001164","依蕾特布丁","臺南市","安平區","臺南市安平區安平路422號","(06)2260919","週一~週五10:30–21:00 週六~週日10:00–21:00","已核對欄位","https://data.gov.tw/dataset/7779 | https://www.twtainan.net/zh-tw/shop/consume/1164/","交通部觀光署: 2022-12-05T15:33:12+08:00 | 臺南旅遊網: 2022-12-05T15:33:12.23","交通部觀光署: 2026-09-12T21:46:46+00:00 | 臺南旅遊網: 2026-09-12T21:47:48+00:00","2026-09-12T21:47:48+00:00"
"Restaurant_395000000A_001172","3皇3家 中華東店","臺南市","東區","臺南市東區中華東路二段231號","(06)2681339","週一~週日10:00-23:00","已核對欄位","https://data.gov.tw/dataset/7779 | https://www.twtainan.net/zh-tw/shop/consume/1172/","交通部觀光署: 2022-12-05T15:31:25+08:00 | 臺南旅遊網: 2022-12-05T15:31:25.81","交通部觀光署: 2026-09-12T21:46:46+00:00 | 臺南旅遊網: 2026-09-12T21:47:49+00:00","2026-09-12T21:47:49+00:00"
"Restaurant_395000000A_001176","美記肉圓","臺南市","南區","臺南市南區永華路一段239號","(06)2640757","週一~週日11:00–23:00，週二休息","已核對欄位","https://data.gov.tw/dataset/7779 | https://www.twtainan.net/zh-tw/shop/consume/1176/","交通部觀光署: 2022-02-02T12:03:50+08:00 | 臺南旅遊網: 2022-02-02T12:03:50.91","交通部觀光署: 2026-09-12T21:46:46+00:00 | 臺南旅遊網: 2026-09-12T21:47:50+00:00","2026-09-12T21:47:50+00:00"
"Restaurant_395000000A_001177","安平阿水伯手工包子","臺南市","安平區","臺南市安平區育平路345號","(06)2989586","週一~週日06:30~18:30","已核對欄位","https://data.gov.tw/dataset/7779 | https://www.twtainan.net/zh-tw/shop/consume/1177/","交通部觀光署: 2022-12-05T15:31:08+08:00 | 臺南旅遊網: 2022-12-05T15:31:08.773","交通部觀光署: 2026-09-12T21:46:46+00:00 | 臺南旅遊網: 2026-09-12T21:47:51+00:00","2026-09-12T21:47:51+00:00"
"Restaurant_395000000A_001182","東香貓咖啡園區(東山咖啡)","臺南市","東山區","臺南市東山區南勢里三鄰大洋29號","(06)6863156","週一~週五11:00~17:00，週六~週日09:00~19:00（平日建議預約）","已核對欄位","https://data.gov.tw/dataset/7779 | https://www.twtainan.net/zh-tw/shop/consume/1182/","交通部觀光署: 2026-02-06T17:50:18+08:00 | 臺南旅遊網: 2026-02-06T17:50:18.5","交通部觀光署: 2026-09-12T21:46:46+00:00 | 臺南旅遊網: 2026-09-12T21:47:52+00:00","2026-09-12T21:47:52+00:00"
"Restaurant_395000000A_001458","進福炒鱔魚專家","臺南市","中西區","臺南市中西區府前路一段46號","(06)2210671","週一~週日10:30–01:00","已核對欄位","https://data.gov.tw/dataset/7779 | https://www.twtainan.net/zh-tw/shop/consume/1458/","交通部觀光署: 2022-12-05T15:40:24+08:00 | 臺南旅遊網: 2022-12-05T15:40:24.927","交通部觀光署: 2026-09-12T21:46:46+00:00 | 臺南旅遊網: 2026-09-12T21:47:53+00:00","2026-09-12T21:47:53+00:00"
"Restaurant_395000000A_001459","許家蝦仁肉圓/芋粿","臺南市","中西區","臺南市中西區國華街三段8號","(06)2288897","週一~週日09:30–21:30","已核對欄位","https://data.gov.tw/dataset/7779 | https://www.twtainan.net/zh-tw/shop/consume/1459/","交通部觀光署: 2022-12-05T15:40:27+08:00 | 臺南旅遊網: 2022-12-05T15:40:27.53","交通部觀光署: 2026-09-12T21:46:46+00:00 | 臺南旅遊網: 2026-09-12T21:47:54+00:00","2026-09-12T21:47:54+00:00"
"Restaurant_395000000A_001460","阿龍魯味意麵","臺南市","中西區","臺南市中西區府前路一段62號","(06)2286280","週一~週日10:30–21:00","已核對欄位","https://data.gov.tw/dataset/7779 | https://www.twtainan.net/zh-tw/shop/consume/1460/","交通部觀光署: 2023-08-08T11:40:28+08:00 | 臺南旅遊網: 2023-08-08T11:40:28.943","交通部觀光署: 2026-09-12T21:46:46+00:00 | 臺南旅遊網: 2026-09-12T21:47:55+00:00","2026-09-12T21:47:55+00:00"
"Restaurant_395000000A_001461","矮仔成蝦仁飯","臺南市","中西區","臺南市中西區海安路一段66號","(06)2201897","週一~週日08:30–19:30，週二休息","已核對欄位","https://data.gov.tw/dataset/7779 | https://www.twtainan.net/zh-tw/shop/consume/1461/","交通部觀光署: 2022-12-05T15:40:32+08:00 | 臺南旅遊網: 2022-12-05T15:40:32.98","交通部觀光署: 2026-09-12T21:46:46+00:00 | 臺南旅遊網: 2026-09-12T21:47:56+00:00","2026-09-12T21:47:56+00:00"
"Restaurant_395000000A_001464","黃家蝦捲","臺南市","中西區","臺南市中西區西和路268號","(06)3506209","週一~週日14:30~20:00","已核對欄位","https://data.gov.tw/dataset/7779 | https://www.twtainan.net/zh-tw/shop/consume/1464/","交通部觀光署: 2022-12-05T15:40:35+08:00 | 臺南旅遊網: 2022-12-05T15:40:35.61","交通部觀光署: 2026-09-12T21:46:46+00:00 | 臺南旅遊網: 2026-09-12T21:47:57+00:00","2026-09-12T21:47:57+00:00"
"Restaurant_395000000A_001465","上海華都小吃","臺南市","中西區","臺南市中西區民權路二段28號","(06)2216268","週一~週日10:30–14:30、16:30–21:00","已核對欄位","https://data.gov.tw/dataset/7779 | https://www.twtainan.net/zh-tw/shop/consume/1465/","交通部觀光署: 2022-12-05T15:40:37+08:00 | 臺南旅遊網: 2022-12-05T15:40:37.693","交通部觀光署: 2026-09-12T21:46:46+00:00 | 臺南旅遊網: 2026-09-12T21:47:58+00:00","2026-09-12T21:47:58+00:00"
"Restaurant_395000000A_001467","饗食天堂(台南西門店)","臺南市","中西區","臺南市中西區西門路一段658-1號","(06)2141688","週一~週日11:30~14:00、14:20~16:20、17:30~21:30","已核對欄位","https://data.gov.tw/dataset/7779 | https://www.twtainan.net/zh-tw/shop/consume/1467/","交通部觀光署: 2022-12-05T15:40:40+08:00 | 臺南旅遊網: 2022-12-05T15:40:40.377","交通部觀光署: 2026-09-12T21:46:46+00:00 | 臺南旅遊網: 2026-09-12T21:47:59+00:00","2026-09-12T21:47:59+00:00"
"Restaurant_395000000A_001472","伊莉的店 慶中街店","臺南市","中西區","臺南市中西區慶中街108號","(06)2148701","週二~週日07:30–17:00，週一休息","已核對欄位","https://data.gov.tw/dataset/7779 | https://www.twtainan.net/zh-tw/shop/consume/1472/","交通部觀光署: 2022-12-05T15:40:43+08:00 | 臺南旅遊網: 2022-12-05T15:40:43.487","交通部觀光署: 2026-09-12T21:46:46+00:00 | 臺南旅遊網: 2026-09-12T21:48:00+00:00","2026-09-12T21:48:00+00:00"
"Restaurant_395000000A_001477","窄門咖啡館","臺南市","中西區","臺南市中西區南門路67號2樓","(06)2110508","週一~週五11:00–20:30週六~週日10:30–22:00","已核對欄位","https://data.gov.tw/dataset/7779 | https://www.twtainan.net/zh-tw/shop/consume/1477/","交通部觀光署: 2022-12-05T15:40:44+08:00 | 臺南旅遊網: 2022-12-05T15:40:44.93","交通部觀光署: 2026-09-12T21:46:46+00:00 | 臺南旅遊網: 2026-09-12T21:48:01+00:00","2026-09-12T21:48:01+00:00"
"Restaurant_395000000A_001479","阿烏咖啡","臺南市","中西區","臺南市中西區開山路201號","(06)2142238","週二~週日09:00–16:00，週一休息","已核對欄位","https://data.gov.tw/dataset/7779 | https://www.twtainan.net/zh-tw/shop/consume/1479/","交通部觀光署: 2022-12-05T15:40:48+08:00 | 臺南旅遊網: 2022-12-05T15:40:48.21","交通部觀光署: 2026-09-12T21:46:46+00:00 | 臺南旅遊網: 2026-09-12T21:48:02+00:00","2026-09-12T21:48:02+00:00"
"Restaurant_395000000A_001480","尚品咖啡-台南南門店","臺南市","中西區","臺南市中西區南門路233-6號","(06)2151150","週一~週日08:00–23:00","已核對欄位","https://data.gov.tw/dataset/7779 | https://www.twtainan.net/zh-tw/shop/consume/1480/","交通部觀光署: 2022-12-05T15:40:50+08:00 | 臺南旅遊網: 2022-12-05T15:40:50.727","交通部觀光署: 2026-09-12T21:46:46+00:00 | 臺南旅遊網: 2026-09-12T21:48:03+00:00","2026-09-12T21:48:03+00:00"
"Restaurant_395000000A_001483","小公園擔仔麵","臺南市","中西區","臺南市中西區西門路二段321號","(06)2265495","週一~週日16:30–00:00，週三休息","已核對欄位","https://data.gov.tw/dataset/7779 | https://www.twtainan.net/zh-tw/shop/consume/1483/","交通部觀光署: 2022-12-05T15:40:53+08:00 | 臺南旅遊網: 2022-12-05T15:40:53.023","交通部觀光署: 2026-09-12T21:46:46+00:00 | 臺南旅遊網: 2026-09-12T21:48:04+00:00","2026-09-12T21:48:04+00:00"
"Restaurant_395000000A_001484","江川肉燥飯","臺南市","中西區","臺南市中西區民族路三段19號","(06)2285397","週一~週日07:30~19:30","已核對欄位","https://data.gov.tw/dataset/7779 | https://www.twtainan.net/zh-tw/shop/consume/1484/","交通部觀光署: 2022-12-05T15:40:54+08:00 | 臺南旅遊網: 2022-12-05T15:40:54.607","交通部觀光署: 2026-09-12T21:46:46+00:00 | 臺南旅遊網: 2026-09-12T21:48:05+00:00","2026-09-12T21:48:05+00:00"
"Restaurant_395000000A_001485","真正紅燒土魠","臺南市","中西區","臺南市中西區民族路二段46號","(06)2283453","週一~週日11:00~22:00","已核對欄位","https://data.gov.tw/dataset/7779 | https://www.twtainan.net/zh-tw/shop/consume/1485/","交通部觀光署: 2022-12-05T15:40:56+08:00 | 臺南旅遊網: 2022-12-05T15:40:56.847","交通部觀光署: 2026-09-12T21:46:46+00:00 | 臺南旅遊網: 2026-09-12T21:48:06+00:00","2026-09-12T21:48:06+00:00"
"Restaurant_395000000A_001486","清子香腸熟肉","臺南市","中西區","臺南市中西區民族路二段248號","(06)2206158","週一~週日11:00~20:00","已核對欄位","https://data.gov.tw/dataset/7779 | https://www.twtainan.net/zh-tw/shop/consume/1486/","交通部觀光署: 2022-12-05T15:40:59+08:00 | 臺南旅遊網: 2022-12-05T15:40:59.15","交通部觀光署: 2026-09-12T21:46:46+00:00 | 臺南旅遊網: 2026-09-12T21:48:07+00:00","2026-09-12T21:48:07+00:00"
"Restaurant_395000000A_001488","阿鳳浮水虱目魚羹","臺南市","中西區","臺南市中西區保安路59號","(06)2256646","週一~週日07:00~00:00","已核對欄位","https://data.gov.tw/dataset/7779 | https://www.twtainan.net/zh-tw/shop/consume/1488/","交通部觀光署: 2022-12-05T15:41:04+08:00 | 臺南旅遊網: 2022-12-05T15:41:04.163","交通部觀光署: 2026-09-12T21:46:46+00:00 | 臺南旅遊網: 2026-09-12T21:48:08+00:00","2026-09-12T21:48:08+00:00"
"Restaurant_395000000A_001489","森茂碗粿(開山店)","臺南市","中西區","臺南市中西區開山路317號","(06)2143389","週一~週日 07:00–19:00","已核對欄位","https://data.gov.tw/dataset/7779 | https://www.twtainan.net/zh-tw/shop/consume/1489/","交通部觀光署: 2020-02-17T14:28:21+08:00 | 臺南旅遊網: 2020-02-17T14:28:21.687","交通部觀光署: 2026-09-12T21:46:46+00:00 | 臺南旅遊網: 2026-09-12T21:48:09+00:00","2026-09-12T21:48:09+00:00"
"Restaurant_395000000A_001491","禧樂米糕","臺南市","中西區","臺南市中西區府前路一段251號","(06)2148628","週三~週日10:30–18:00，週一~週二休息","已核對欄位","https://data.gov.tw/dataset/7779 | https://www.twtainan.net/zh-tw/shop/consume/1491/","交通部觀光署: 2022-12-05T15:41:07+08:00 | 臺南旅遊網: 2022-12-05T15:41:07.153","交通部觀光署: 2026-09-12T21:46:46+00:00 | 臺南旅遊網: 2026-09-12T21:48:10+00:00","2026-09-12T21:48:10+00:00"
"Restaurant_395000000A_001492","阿浚師魯麵","臺南市","中西區","臺南市中西區民族路二段369號","(06)2240344","週一~週日10:00–20:00","已核對欄位","https://data.gov.tw/dataset/7779 | https://www.twtainan.net/zh-tw/shop/consume/1492/","交通部觀光署: 2022-12-05T15:41:09+08:00 | 臺南旅遊網: 2022-12-05T15:41:09.27","交通部觀光署: 2026-09-12T21:46:46+00:00 | 臺南旅遊網: 2026-09-12T21:48:11+00:00","2026-09-12T21:48:11+00:00"
"Restaurant_395000000A_001494","永樂燒肉飯","臺南市","中西區","臺南市中西區民族路三段16號","(06)2281516","週一~週日10:00~21:00，週三休息","已核對欄位","https://data.gov.tw/dataset/7779 | https://www.twtainan.net/zh-tw/shop/consume/1494/","交通部觀光署: 2022-12-05T15:41:11+08:00 | 臺南旅遊網: 2022-12-05T15:41:11.17","交通部觀光署: 2026-09-12T21:46:46+00:00 | 臺南旅遊網: 2026-09-12T21:48:12+00:00","2026-09-12T21:48:12+00:00"
"Restaurant_395000000A_001496","落成米糕","臺南市","中西區","臺南市中西區民族路二段241號","(06)2280874","週一~週日10:30–20:30","已核對欄位","https://data.gov.tw/dataset/7779 | https://www.twtainan.net/zh-tw/shop/consume/1496/","交通部觀光署: 2022-12-05T15:41:13+08:00 | 臺南旅遊網: 2022-12-05T15:41:13.28","交通部觀光署: 2026-09-12T21:46:46+00:00 | 臺南旅遊網: 2026-09-12T21:48:13+00:00","2026-09-12T21:48:13+00:00"
"Restaurant_395000000A_001497","永記虱目魚丸","臺南市","中西區","臺南市中西區開山路82-1號","(06)2223325","週一~週六06:30~13:00，週日休息","已核對欄位","https://data.gov.tw/dataset/7779 | https://www.twtainan.net/zh-tw/shop/consume/1497/","交通部觀光署: 2022-12-05T15:41:16+08:00 | 臺南旅遊網: 2022-12-05T15:41:16.56","交通部觀光署: 2026-09-12T21:46:46+00:00 | 臺南旅遊網: 2026-09-12T21:48:15+00:00","2026-09-12T21:48:15+00:00"
"Restaurant_395000000A_001498","福記肉圓","臺南市","中西區","臺南市中西區府前路一段299號","(06)2158199","週一~週日11:00–20:30","已核對欄位","https://data.gov.tw/dataset/7779 | https://www.twtainan.net/zh-tw/shop/consume/1498/","交通部觀光署: 2022-12-05T15:41:19+08:00 | 臺南旅遊網: 2022-12-05T15:41:19.58","交通部觀光署: 2026-09-12T21:46:46+00:00 | 臺南旅遊網: 2026-09-12T21:48:16+00:00","2026-09-12T21:48:16+00:00"
"Restaurant_395000000A_001499","保安路米糕","臺南市","中西區","臺南市中西區保安路16號","(06)2248112","週一~週日10:00~22:00，週三休息","已核對欄位","https://data.gov.tw/dataset/7779 | https://www.twtainan.net/zh-tw/shop/consume/1499/","交通部觀光署: 2022-12-05T15:41:22+08:00 | 臺南旅遊網: 2022-12-05T15:41:22.827","交通部觀光署: 2026-09-12T21:46:46+00:00 | 臺南旅遊網: 2026-09-12T21:48:16+00:00","2026-09-12T21:48:16+00:00"
"Restaurant_395000000A_001500","俊吉當歸鴨","臺南市","東區","臺南市東區裕信路302號","(06)2381815","週一~週日11:00~22:00","已核對欄位","https://data.gov.tw/dataset/7779 | https://www.twtainan.net/zh-tw/shop/consume/1500/","交通部觀光署: 2024-10-14T14:43:25+08:00 | 臺南旅遊網: 2024-10-14T14:43:25.81","交通部觀光署: 2026-09-12T21:46:46+00:00 | 臺南旅遊網: 2026-09-12T21:48:17+00:00","2026-09-12T21:48:17+00:00"
"Restaurant_395000000A_001501","義珍肉脯舖","臺南市","東區","臺南市東區裕農路616號","(06)2683747","週一~週六08:00–14:00、16:00–20:00，週日休息","已核對欄位","https://data.gov.tw/dataset/7779 | https://www.twtainan.net/zh-tw/shop/consume/1501/","交通部觀光署: 2022-12-05T15:41:24+08:00 | 臺南旅遊網: 2022-12-05T15:41:24.453","交通部觀光署: 2026-09-12T21:46:46+00:00 | 臺南旅遊網: 2026-09-12T21:48:18+00:00","2026-09-12T21:48:18+00:00"
"Restaurant_395000000A_001503","上海好味道小籠湯包","臺南市","東區","臺南市東區東安路26號","(06)2081601","週一~週日10:30–23:00","已核對欄位","https://data.gov.tw/dataset/7779 | https://www.twtainan.net/zh-tw/shop/consume/1503/","交通部觀光署: 2022-12-05T15:41:26+08:00 | 臺南旅遊網: 2022-12-05T15:41:26.077","交通部觀光署: 2026-09-12T21:46:46+00:00 | 臺南旅遊網: 2026-09-12T21:48:19+00:00","2026-09-12T21:48:19+00:00"
"Restaurant_395000000A_001504","上富小吃店","臺南市","東區","臺南市東區大同路一段142號","(06)2131503","週一~週日11:45–20:00","已核對欄位","https://data.gov.tw/dataset/7779 | https://www.twtainan.net/zh-tw/shop/consume/1504/","交通部觀光署: 2024-10-14T14:58:37+08:00 | 臺南旅遊網: 2024-10-14T14:58:37.873","交通部觀光署: 2026-09-12T21:46:46+00:00 | 臺南旅遊網: 2026-09-12T21:48:20+00:00","2026-09-12T21:48:20+00:00"
"Restaurant_395000000A_001506","庫肯花園餐廳","臺南市","東區","臺南市東區大學路22巷1號","(06)2352201","週一~週日11:30–15:00、17:30–20:45","已核對欄位","https://data.gov.tw/dataset/7779 | https://www.twtainan.net/zh-tw/shop/consume/1506/","交通部觀光署: 2022-12-05T15:41:33+08:00 | 臺南旅遊網: 2022-12-05T15:41:33.997","交通部觀光署: 2026-09-12T21:46:46+00:00 | 臺南旅遊網: 2026-09-12T21:48:21+00:00","2026-09-12T21:48:21+00:00"
"Restaurant_395000000A_001509","阿地牛排館","臺南市","南區","臺南市南區明興路62號","(06)2612768","週一~週日11:00–23:00","已核對欄位","https://data.gov.tw/dataset/7779 | https://www.twtainan.net/zh-tw/shop/consume/1509/","交通部觀光署: 2022-12-05T15:41:35+08:00 | 臺南旅遊網: 2022-12-05T15:41:35.65","交通部觀光署: 2026-09-12T21:46:46+00:00 | 臺南旅遊網: 2026-09-12T21:48:22+00:00","2026-09-12T21:48:22+00:00"
"Restaurant_395000000A_001510","轉角餐廳 Corner Steak House","臺南市","東區","臺南市東區大學路22巷12號","(06)2754321","週一~週日11:30–14:00、17:30–21:00","已核對欄位","https://data.gov.tw/dataset/7779 | https://www.twtainan.net/zh-tw/shop/consume/1510/","交通部觀光署: 2022-12-05T15:41:37+08:00 | 臺南旅遊網: 2022-12-05T15:41:37.15","交通部觀光署: 2026-09-12T21:46:46+00:00 | 臺南旅遊網: 2026-09-12T21:48:23+00:00","2026-09-12T21:48:23+00:00"
"Restaurant_395000000A_001511","繆思義式餐坊","臺南市","北區","臺南市北區北園街8巷58號","(06)2363918","週一~週日11:30–14:00、17:00–21:00，週三休息","已核對欄位","https://data.gov.tw/dataset/7779 | https://www.twtainan.net/zh-tw/shop/consume/1511/","交通部觀光署: 2022-12-05T15:41:39+08:00 | 臺南旅遊網: 2022-12-05T15:41:39.807","交通部觀光署: 2026-09-12T21:46:46+00:00 | 臺南旅遊網: 2026-09-12T21:48:24+00:00","2026-09-12T21:48:24+00:00"
"Restaurant_395000000A_001516","永林綜合料理台南本店 Yonlin Restaurant","臺南市","東區","臺南市東區東豐路441號","(06)2093462","週一~週日10:00~24:00","已核對欄位","https://data.gov.tw/dataset/7779 | https://www.twtainan.net/zh-tw/shop/consume/1516/","交通部觀光署: 2022-12-05T15:41:41+08:00 | 臺南旅遊網: 2022-12-05T15:41:41.503","交通部觀光署: 2026-09-12T21:46:46+00:00 | 臺南旅遊網: 2026-09-12T21:48:25+00:00","2026-09-12T21:48:25+00:00"
"Restaurant_395000000A_001517","水缸豆花","臺南市","東區","臺南市東區崇善路255號","(06)2883898","週一~週日11:00~21:00","已核對欄位","https://data.gov.tw/dataset/7779 | https://www.twtainan.net/zh-tw/shop/consume/1517/","交通部觀光署: 2022-12-05T15:41:44+08:00 | 臺南旅遊網: 2022-12-05T15:41:44.697","交通部觀光署: 2026-09-12T21:46:46+00:00 | 臺南旅遊網: 2026-09-12T21:48:26+00:00","2026-09-12T21:48:26+00:00"
"Restaurant_395000000A_001518","大同包子店","臺南市","中西區","臺南市中西區府連路14號","(06)2141008","週一~週日05:30–19:30，週二休息","已核對欄位","https://data.gov.tw/dataset/7779 | https://www.twtainan.net/zh-tw/shop/consume/1518/","交通部觀光署: 2022-12-05T15:41:46+08:00 | 臺南旅遊網: 2022-12-05T15:41:46.973","交通部觀光署: 2026-09-12T21:46:46+00:00 | 臺南旅遊網: 2026-09-12T21:48:27+00:00","2026-09-12T21:48:27+00:00"
"Restaurant_395000000A_001519","千香麥香雞專賣店","臺南市","東區","臺南市東區東安路217號","(06)2363303","","官方資料","https://data.gov.tw/dataset/7779","交通部觀光署: 2022-12-05T15:41:49+08:00","交通部觀光署: 2026-09-12T21:46:46+00:00",""
"Restaurant_395000000A_001521","香港朱記茶水灘","臺南市","南區","臺南市南區大同路二段188號","(06)2139998","","官方資料","https://data.gov.tw/dataset/7779","交通部觀光署: 2018-12-13T15:41:57+08:00","交通部觀光署: 2026-09-12T21:46:46+00:00",""
"Restaurant_395000000A_001524","桃山日式餐廳","臺南市","南區","臺南市南區健康路二段460號","(06)2614163","","官方資料","https://data.gov.tw/dataset/7779","交通部觀光署: 2022-12-05T15:41:52+08:00","交通部觀光署: 2026-09-12T21:46:46+00:00",""
"Restaurant_395000000A_001527","老鄧牛肉麵","臺南市","南區","臺南市南區大成路一段79號","(06)2645435","","官方資料","https://data.gov.tw/dataset/7779","交通部觀光署: 2022-12-05T15:41:54+08:00","交通部觀光署: 2026-09-12T21:46:46+00:00",""
"Restaurant_395000000A_001528","主恩之家刀削麵","臺南市","南區","臺南市南區文南路330號","(06)2631222","","官方資料","https://data.gov.tw/dataset/7779","交通部觀光署: 2022-12-05T15:41:56+08:00","交通部觀光署: 2026-09-12T21:46:46+00:00",""
"Restaurant_395000000A_001532","海龍肉粽","臺南市","中西區","臺南市中西區金華路四段134號","(06)2252711","","官方資料","https://data.gov.tw/dataset/7779","交通部觀光署: 2022-12-05T15:41:58+08:00","交通部觀光署: 2026-09-12T21:46:46+00:00",""
"Restaurant_395000000A_001533","阿秀古早味肉粽","臺南市","北區","臺南市北區海安路三段71巷17號","(06)2232383","","官方資料","https://data.gov.tw/dataset/7779","交通部觀光署: 2022-12-05T15:42:01+08:00","交通部觀光署: 2026-09-12T21:46:46+00:00",""
"Restaurant_395000000A_001534","華興鱔魚意麵","臺南市","北區","臺南市北區公園路840號","(06)2523919","","官方資料","https://data.gov.tw/dataset/7779","交通部觀光署: 2022-12-05T15:42:04+08:00","交通部觀光署: 2026-09-12T21:46:46+00:00",""
"Restaurant_395000000A_001535","茂記黑豆花大王","臺南市","安平區","臺南市安平區安北路441號","(06)3911373","","官方資料","https://data.gov.tw/dataset/7779","交通部觀光署: 2022-02-02T12:03:55+08:00","交通部觀光署: 2026-09-12T21:46:46+00:00",""
"Restaurant_395000000A_001536","甜在心咖啡館","臺南市","北區","臺南市北區北忠街58巷12號","(06)2268168","","官方資料","https://data.gov.tw/dataset/7779","交通部觀光署: 2022-12-05T15:42:07+08:00","交通部觀光署: 2026-09-12T21:46:46+00:00",""
"Restaurant_395000000A_001538","林家-碗開富粿","臺南市","北區","臺南市北區開元路148巷7號","(06)2368417","","官方資料","https://data.gov.tw/dataset/7779","交通部觀光署: 2022-12-05T15:42:10+08:00","交通部觀光署: 2026-09-12T21:46:46+00:00",""
"Restaurant_395000000A_001539","安徒生咖啡館","臺南市","北區","臺南市北區東豐路249號","(06)2366771","","官方資料","https://data.gov.tw/dataset/7779","交通部觀光署: 2022-12-05T15:42:12+08:00","交通部觀光署: 2026-09-12T21:46:46+00:00",""
"Restaurant_395000000A_001541","陳家蚵捲","臺南市","安平區","臺南市安平區安平路786號","(06)2229661","","官方資料","https://data.gov.tw/dataset/7779","交通部觀光署: 2022-12-05T15:42:15+08:00","交通部觀光署: 2026-09-12T21:46:46+00:00",""
"Restaurant_395000000A_001543","詠純冰品","臺南市","安平區","臺南市安平區慶平路743號","(06)2990678","","官方資料","https://data.gov.tw/dataset/7779","交通部觀光署: 2022-12-05T15:42:17+08:00","交通部觀光署: 2026-09-12T21:46:46+00:00",""
"Restaurant_395000000A_001544","台邦商旅-帕莎西餐廳","臺南市","安平區","臺南市安平區永華二街197號","(06)2932888","","官方資料","https://data.gov.tw/dataset/7779","交通部觀光署: 2022-02-02T12:04:12+08:00","交通部觀光署: 2026-09-12T21:46:46+00:00",""
"Restaurant_395000000A_001549","富霖宴會館-港式飲茶","臺南市","安平區","臺南市安平區華平路458號","(06)2937299","","官方資料","https://data.gov.tw/dataset/7779","交通部觀光署: 2022-11-30T12:00:22+08:00","交通部觀光署: 2026-09-12T21:46:46+00:00",""
"Restaurant_395000000A_001554","桂記手工水餃館","臺南市","安南區","臺南市安南區宜居路131號","(06)3584270","","官方資料","https://data.gov.tw/dataset/7779","交通部觀光署: 2022-12-05T15:42:22+08:00","交通部觀光署: 2026-09-12T21:46:46+00:00",""
"Restaurant_395000000A_001556","阿銘鱔魚意麵","臺南市","北區","臺南市北區開元路192號","(06)2353847","","官方資料","https://data.gov.tw/dataset/7779","交通部觀光署: 2022-12-05T15:42:24+08:00","交通部觀光署: 2026-09-12T21:46:46+00:00",""
"Restaurant_395000000A_001557","億達食品企業有限公司","臺南市","永康區","臺南市永康區環工路15號之3","(06)2012853","","官方資料","https://data.gov.tw/dataset/7779","交通部觀光署: 2022-12-05T15:42:26+08:00","交通部觀光署: 2026-09-12T21:46:46+00:00",""
"Restaurant_395000000A_001558","王西勢食品行","臺南市","永康區","臺南市永康區富強路一段326號","(06)2058563","","官方資料","https://data.gov.tw/dataset/7779","交通部觀光署: 2022-12-05T15:42:27+08:00","交通部觀光署: 2026-09-12T21:46:46+00:00",""
"Restaurant_395000000A_001559","喜多鄉味肉粽","臺南市","永康區","臺南市永康區中山北路50號","(06)2722357","","官方資料","https://data.gov.tw/dataset/7779","交通部觀光署: 2018-12-13T15:41:57+08:00","交通部觀光署: 2026-09-12T21:46:46+00:00",""
"Restaurant_395000000A_001560","阿麗阿珍花生糖","臺南市","永康區","臺南市永康區民族路328號","(06)2713886","","官方資料","https://data.gov.tw/dataset/7779","交通部觀光署: 2018-12-13T15:41:57+08:00","交通部觀光署: 2026-09-12T21:46:46+00:00",""
"Restaurant_395000000A_001561","大灣阿茂阿豪花生糖","臺南市","永康區","臺南市永康區民族路320號","(06)2050071","","官方資料","https://data.gov.tw/dataset/7779","交通部觀光署: 2022-12-05T15:42:30+08:00","交通部觀光署: 2026-09-12T21:46:46+00:00",""
"Restaurant_395000000A_001563","陳記大灣粿仔","臺南市","永康區","臺南市永康區大灣路243號","0931154091","","官方資料","https://data.gov.tw/dataset/7779","交通部觀光署: 2022-12-05T15:42:33+08:00","交通部觀光署: 2026-09-12T21:46:46+00:00",""
"Restaurant_395000000A_001564","施家羊肉","臺南市","歸仁區","臺南市歸仁區復興路76號","(06)2305563","","官方資料","https://data.gov.tw/dataset/7779","交通部觀光署: 2022-12-05T15:42:36+08:00","交通部觀光署: 2026-09-12T21:46:46+00:00",""
"Restaurant_395000000A_001565","謝清受蚵仔粥","臺南市","歸仁區","臺南市歸仁區中山路一段513號","(06)2304101","","官方資料","https://data.gov.tw/dataset/7779","交通部觀光署: 2018-12-13T15:41:57+08:00","交通部觀光署: 2026-09-12T21:46:46+00:00",""
"Restaurant_395000000A_001567","銘記煎粿","臺南市","歸仁區","臺南市歸仁區復興路76號","(06)2303755","","官方資料","https://data.gov.tw/dataset/7779","交通部觀光署: 2022-12-05T15:42:38+08:00","交通部觀光署: 2026-09-12T21:46:46+00:00",""
"Restaurant_395000000A_001570","一心山羊肉","臺南市","新化區","臺南市新化區中興路810號","(06)5900421","","官方資料","https://data.gov.tw/dataset/7779","交通部觀光署: 2024-11-08T08:15:20+08:00","交通部觀光署: 2026-09-12T21:46:46+00:00",""
"Restaurant_395000000A_001571","瓜瓜園地瓜生態故事館(觀光工廠)","臺南市","新化區","台南市新化區中正路65-1號","(06)5902966","","官方資料","https://data.gov.tw/dataset/7779","交通部觀光署: 2022-11-30T12:00:07+08:00","交通部觀光署: 2026-09-12T21:46:46+00:00",""
"Restaurant_395000000A_001572","東發號春捲","臺南市","新化區","臺南市新化區信義街239號(新化市場內)","(06)5900300","","官方資料","https://data.gov.tw/dataset/7779","交通部觀光署: 2018-12-13T15:41:57+08:00","交通部觀光署: 2026-09-12T21:46:46+00:00",""
"Restaurant_395000000A_001574","崙頂仔肉粿","臺南市","新化區","臺南市新化區和平街171號","0982586383","","官方資料","https://data.gov.tw/dataset/7779","交通部觀光署: 2018-12-13T15:41:57+08:00","交通部觀光署: 2026-09-12T21:46:46+00:00",""
"Restaurant_395000000A_001575","福仔米糕","臺南市","玉井區","臺南市玉井區中華路44號","(06)5741788","","官方資料","https://data.gov.tw/dataset/7779","交通部觀光署: 2022-12-05T15:42:43+08:00","交通部觀光署: 2026-09-12T21:46:46+00:00",""
"Restaurant_395000000A_001576","老牛伯豬血豬肺粿專賣店","臺南市","玉井區","臺南市玉井區中正路100巷30號","(06)5743521","","官方資料","https://data.gov.tw/dataset/7779","交通部觀光署: 2022-12-05T15:42:45+08:00","交通部觀光署: 2026-09-12T21:46:46+00:00",""
"Restaurant_395000000A_001577","山龍亭蛇肉店","臺南市","玉井區","臺南市玉井區望明里劉陳32號","(06)5743968","","官方資料","https://data.gov.tw/dataset/7779","交通部觀光署: 2022-12-05T15:42:48+08:00","交通部觀光署: 2026-09-12T21:46:46+00:00",""
"Restaurant_395000000A_001578","玉井之門食品行","臺南市","楠西區","臺南市楠西區茄拔路125號","(06)5755918","","官方資料","https://data.gov.tw/dataset/7779","交通部觀光署: 2025-12-31T10:18:41+08:00","交通部觀光署: 2026-09-12T21:46:46+00:00",""
"Restaurant_395000000A_001579","福來梅仔雞","臺南市","楠西區","臺南市楠西區灣丘村梅嶺32-3號","(06)5753658","","官方資料","https://data.gov.tw/dataset/7779","交通部觀光署: 2022-02-02T12:03:52+08:00","交通部觀光署: 2026-09-12T21:46:46+00:00",""
"Restaurant_395000000A_001581","大眾餐飲","臺南市","楠西區","臺南市楠西區梅嶺風景區32號","(06)5752598","","官方資料","https://data.gov.tw/dataset/7779","交通部觀光署: 2022-12-05T15:42:50+08:00","交通部觀光署: 2026-09-12T21:46:46+00:00",""
"Restaurant_395000000A_001582","太山梅子雞","臺南市","楠西區","臺南市楠西區灣丘里梅嶺4號","(06)5751931","","官方資料","https://data.gov.tw/dataset/7779","交通部觀光署: 2021-03-04T12:02:01+08:00","交通部觀光署: 2026-09-12T21:46:46+00:00",""
"Restaurant_395000000A_001586","牛稠埔肉粽","臺南市","關廟區","臺南市關廟區中正路168號","(06)5951860","","官方資料","https://data.gov.tw/dataset/7779","交通部觀光署: 2021-03-04T12:02:02+08:00","交通部觀光署: 2026-09-12T21:46:46+00:00",""
"Restaurant_395000000A_001588","阿輝土雞城鳳梨苦瓜雞","臺南市","關廟區","臺南市關廟區中正路20巷1號","(06)5959922","","官方資料","https://data.gov.tw/dataset/7779","交通部觀光署: 2018-12-13T15:41:57+08:00","交通部觀光署: 2026-09-12T21:46:46+00:00",""
"Restaurant_395000000A_001589","克義小吃","臺南市","關廟區","臺南市關廟區市場北街","(06)5960292","","官方資料","https://data.gov.tw/dataset/7779","交通部觀光署: 2022-12-05T15:42:57+08:00","交通部觀光署: 2026-09-12T21:46:46+00:00",""
"Restaurant_395000000A_001591","乙旺魯麵","臺南市","關廟區","臺南市關廟區忠孝街68號","(06)5963234","","官方資料","https://data.gov.tw/dataset/7779","交通部觀光署: 2022-12-05T15:43:00+08:00","交通部觀光署: 2026-09-12T21:46:46+00:00",""
"Restaurant_395000000A_001592","新埔米粿","臺南市","關廟區","臺南市關廟區中山路二段107號","(06)5961310","","官方資料","https://data.gov.tw/dataset/7779","交通部觀光署: 2022-12-05T15:43:02+08:00","交通部觀光署: 2026-09-12T21:46:46+00:00",""
"Restaurant_395000000A_001593","鴨肉大王","臺南市","官田區","臺南市官田區二鎮里二鎮97號","(06)6980195","","官方資料","https://data.gov.tw/dataset/7779","交通部觀光署: 2018-12-13T15:41:57+08:00","交通部觀光署: 2026-09-12T21:46:46+00:00",""
"Restaurant_395000000A_001594","凱旋餐廳","臺南市","官田區","臺南市官田區三結義41號之1","(06)5792163","","官方資料","https://data.gov.tw/dataset/7779","交通部觀光署: 2022-12-05T15:43:04+08:00","交通部觀光署: 2026-09-12T21:46:46+00:00",""
"Restaurant_395000000A_001597","德春米糕","臺南市","麻豆區","臺南市麻豆區中正路與忠孝路口(第三市場內)","(06)5722084","","官方資料","https://data.gov.tw/dataset/7779","交通部觀光署: 2022-12-05T15:43:05+08:00","交通部觀光署: 2026-09-12T21:46:46+00:00",""
"Restaurant_395000000A_001598","碗粿蘭","臺南市","麻豆區","臺南市麻豆區中山路179-8號","(06)5724035","","官方資料","https://data.gov.tw/dataset/7779","交通部觀光署: 2021-03-04T12:02:03+08:00","交通部觀光署: 2026-09-12T21:46:46+00:00",""
"Restaurant_395000000A_001599","炎山碗粿","臺南市","麻豆區","臺南市麻豆區三民路9-10號","(06)5719100","","官方資料","https://data.gov.tw/dataset/7779","交通部觀光署: 2022-12-05T15:43:11+08:00","交通部觀光署: 2026-09-12T21:46:46+00:00",""
"Restaurant_395000000A_001600","樂腳林草魚粥","臺南市","麻豆區","臺南市麻豆區三民路80號","(06)5716179","","官方資料","https://data.gov.tw/dataset/7779","交通部觀光署: 2022-12-05T15:43:13+08:00","交通部觀光署: 2026-09-12T21:46:46+00:00",""
"Restaurant_395000000A_001602","裕益碗粿王","臺南市","麻豆區","臺南市麻豆區麻佳路二段88號","(06)5702687","","官方資料","https://data.gov.tw/dataset/7779","交通部觀光署: 2026-03-02T16:20:52+08:00","交通部觀光署: 2026-09-12T21:46:46+00:00",""
"Restaurant_395000000A_001605","老鄧牛肉麵","臺南市","佳里區","臺南市佳里區光復路290號","(06)7220467","","官方資料","https://data.gov.tw/dataset/7779","交通部觀光署: 2022-02-02T12:03:59+08:00","交通部觀光署: 2026-09-12T21:46:46+00:00",""
"Restaurant_395000000A_001606","包仔福佳里肉圓","臺南市","佳里區","臺南市佳里區延平路215號","(06)7227226","","官方資料","https://data.gov.tw/dataset/7779","交通部觀光署: 2022-12-05T15:43:18+08:00","交通部觀光署: 2026-09-12T21:46:46+00:00",""
"Restaurant_395000000A_001607","佳里農會邊切仔麵","臺南市","佳里區","臺南市佳里區民生街8號旁（農會邊）","(06)7227736","","官方資料","https://data.gov.tw/dataset/7779","交通部觀光署: 2022-12-05T15:43:21+08:00","交通部觀光署: 2026-09-12T21:46:46+00:00",""
"Restaurant_395000000A_001608","百年老店 大腸粥","臺南市","佳里區","臺南市佳里區興化里佳里興442號","(06)7261378","","官方資料","https://data.gov.tw/dataset/7779","交通部觀光署: 2022-12-05T15:43:23+08:00","交通部觀光署: 2026-09-12T21:46:46+00:00",""
"Restaurant_395000000A_001609","西品蝦仁爌肉飯","臺南市","西港區","臺南市西港區慶安路59巷17號","(06)6353226","","官方資料","https://data.gov.tw/dataset/7779","交通部觀光署: 2022-11-30T12:00:07+08:00","交通部觀光署: 2026-09-12T21:46:46+00:00",""
"Restaurant_395000000A_001614","外國安虱目魚專賣店","臺南市","七股區","臺南市七股區龍山里龍山232號","(06)7872039","","官方資料","https://data.gov.tw/dataset/7779","交通部觀光署: 2022-12-05T15:43:26+08:00","交通部觀光署: 2026-09-12T21:46:46+00:00",""
"Restaurant_395000000A_001615","安哥海產店","臺南市","七股區","臺南市七股區七股里七股2號","(06)7875153","","官方資料","https://data.gov.tw/dataset/7779","交通部觀光署: 2022-12-05T15:43:28+08:00","交通部觀光署: 2026-09-12T21:46:46+00:00",""
"Restaurant_395000000A_001616","豐海鮮漁府","臺南市","將軍區","臺南市將軍區長沙村146-10號","(06)7930637","","官方資料","https://data.gov.tw/dataset/7779","交通部觀光署: 2022-12-05T15:43:31+08:00","交通部觀光署: 2026-09-12T21:46:46+00:00",""
"Restaurant_395000000A_001618","萬鍛陽春麵","臺南市","將軍區","臺南市將軍區忠嘉里162號","(06)7940249","","官方資料","https://data.gov.tw/dataset/7779","交通部觀光署: 2023-08-09T15:50:24+08:00","交通部觀光署: 2026-09-12T21:46:46+00:00",""
"Restaurant_395000000A_001619","學甲鵝肉","臺南市","學甲區","臺南市學甲區中正路164號","(06)7837120","","官方資料","https://data.gov.tw/dataset/7779","交通部觀光署: 2022-12-05T15:43:33+08:00","交通部觀光署: 2026-09-12T21:46:46+00:00",""
"Restaurant_395000000A_001620","永通虱目魚粥","臺南市","學甲區","臺南市學甲區民權路60號","(06)7839308","","官方資料","https://data.gov.tw/dataset/7779","交通部觀光署: 2022-12-05T15:43:35+08:00","交通部觀光署: 2026-09-12T21:46:46+00:00",""
"Restaurant_395000000A_001622","廣益虱目魚丸","臺南市","學甲區","臺南市學甲區中正路207號","(06)7833241","","官方資料","https://data.gov.tw/dataset/7779","交通部觀光署: 2022-12-05T15:43:38+08:00","交通部觀光署: 2026-09-12T21:46:46+00:00",""
"Restaurant_395000000A_001623","秀碧蚵嗲","臺南市","北門區","臺南市北門區三光里三寮灣東隆宮廟埕榕樹下","0934301839","","官方資料","https://data.gov.tw/dataset/7779","交通部觀光署: 2022-12-05T15:43:40+08:00","交通部觀光署: 2026-09-12T21:46:46+00:00",""
"Restaurant_395000000A_001624","福隆餐館","臺南市","北門區","臺南市北門區永隆里港北37號","(06)7861588","","官方資料","https://data.gov.tw/dataset/7779","交通部觀光署: 2022-02-02T12:03:52+08:00","交通部觀光署: 2026-09-12T21:46:46+00:00",""
"Restaurant_395000000A_001625","吳記燒酒螺","臺南市","北門區","臺南市北門區鯤江村976號","(06)7863307","","官方資料","https://data.gov.tw/dataset/7779","交通部觀光署: 2022-12-05T15:43:43+08:00","交通部觀光署: 2026-09-12T21:46:46+00:00",""
"Restaurant_395000000A_001626","老施牛肉麵","臺南市","新營區","臺南市新營區太北里太子宮44-6號","(06)6526261","","官方資料","https://data.gov.tw/dataset/7779","交通部觀光署: 2022-12-05T15:43:46+08:00","交通部觀光署: 2026-09-12T21:46:46+00:00",""
"Restaurant_395000000A_001627","阿松臭豆腐","臺南市","新營區","臺南市新營區中正路37-1號","(06)6370555","","官方資料","https://data.gov.tw/dataset/7779","交通部觀光署: 2022-12-05T15:43:48+08:00","交通部觀光署: 2026-09-12T21:46:46+00:00",""
"Restaurant_395000000A_001628","新營阿宗肉丸","臺南市","新營區","臺南市新營區復興路99號","(06)6350551","","官方資料","https://data.gov.tw/dataset/7779","交通部觀光署: 2022-12-05T15:43:51+08:00","交通部觀光署: 2026-09-12T21:46:46+00:00",""
"Restaurant_395000000A_001629","華味香鴨肉羹-延平店","臺南市","新營區","臺南市新營區延平路29號","(06)6322981","","官方資料","https://data.gov.tw/dataset/7779","交通部觀光署: 2018-12-13T15:41:57+08:00","交通部觀光署: 2026-09-12T21:46:46+00:00",""
"Restaurant_395000000A_001630","華味香鴨肉羹 新進店","臺南市","新營區","臺南市新營區新進路二段474號","(06)6565948","","官方資料","https://data.gov.tw/dataset/7779","交通部觀光署: 2022-12-05T15:43:53+08:00","交通部觀光署: 2026-09-12T21:46:46+00:00",""
"Restaurant_395000000A_001631","華味香鴨肉羹三店","臺南市","新營區","臺南市新營區民治路31號","(06)6353698","","官方資料","https://data.gov.tw/dataset/7779","交通部觀光署: 2022-12-05T15:43:56+08:00","交通部觀光署: 2026-09-12T21:46:46+00:00",""
"Restaurant_395000000A_001633","老鄧包子店","臺南市","新營區","臺南市新營區太子路151號","(06)6567468","","官方資料","https://data.gov.tw/dataset/7779","交通部觀光署: 2022-12-05T15:43:58+08:00","交通部觀光署: 2026-09-12T21:46:46+00:00",""
"Restaurant_395000000A_001634","康樂胚芽意麵","臺南市","新營區","臺南市新營區康樂街44號","(06)6323557","","官方資料","https://data.gov.tw/dataset/7779","交通部觀光署: 2022-12-05T15:44:01+08:00","交通部觀光署: 2026-09-12T21:46:46+00:00",""
"Restaurant_395000000A_001636","包仔師胚芽意麵","臺南市","新營區","臺南市新營區中正路27-5號","(06)6378800","","官方資料","https://data.gov.tw/dataset/7779","交通部觀光署: 2022-12-05T15:44:07+08:00","交通部觀光署: 2026-09-12T21:46:46+00:00",""
"Restaurant_395000000A_001637","民雄海產餐廳","臺南市","新營區","臺南市新營區隋唐街200號","(06)6563088","","官方資料","https://data.gov.tw/dataset/7779","交通部觀光署: 2022-12-05T15:44:08+08:00","交通部觀光署: 2026-09-12T21:46:46+00:00",""
"Restaurant_395000000A_001638","新營阿忠豆菜麵","臺南市","新營區","臺南市新營區中正路25號","(06)6379688","","官方資料","https://data.gov.tw/dataset/7779","交通部觀光署: 2022-12-05T15:44:09+08:00","交通部觀光署: 2026-09-12T21:46:46+00:00",""
"Restaurant_395000000A_001639","特味香香腸專賣店","臺南市","新營區","臺南市新營區康樂街42號","(06)6328370","","官方資料","https://data.gov.tw/dataset/7779","交通部觀光署: 2022-12-05T15:44:12+08:00","交通部觀光署: 2026-09-12T21:46:46+00:00",""
"Restaurant_395000000A_001640","延平砂鍋魚頭","臺南市","新營區","臺南市新營區延平路42-1號","(06)6323278","","官方資料","https://data.gov.tw/dataset/7779","交通部觀光署: 2022-12-05T15:44:14+08:00","交通部觀光署: 2026-09-12T21:46:46+00:00",""
"Restaurant_395000000A_001642","後壁冰糖醬鴨 (Houbi Crystal Sugar Braised Duck)","臺南市","後壁區","台南市後壁里42-18號","(06)6872078","","官方資料","https://data.gov.tw/dataset/7779","交通部觀光署: 2022-12-05T15:44:15+08:00","交通部觀光署: 2026-09-12T21:46:46+00:00",""
"Restaurant_395000000A_001643","白河鴨頭","臺南市","白河區","臺南市白河區中正路46號","(06)6854960","","官方資料","https://data.gov.tw/dataset/7779","交通部觀光署: 2022-12-05T15:44:18+08:00","交通部觀光署: 2026-09-12T21:46:46+00:00",""
"Restaurant_395000000A_001644","吳記豆菜麵","臺南市","白河區","臺南市白河區中正路13-2號","(06)6858801","","官方資料","https://data.gov.tw/dataset/7779","交通部觀光署: 2022-11-30T12:00:08+08:00","交通部觀光署: 2026-09-12T21:46:46+00:00",""
"Restaurant_395000000A_001646","竹門鈺雪冰枝店","臺南市","白河區","臺南市白河區竹門里竹子門114-1號","(06)6853388","","官方資料","https://data.gov.tw/dataset/7779","交通部觀光署: 2022-12-05T15:44:20+08:00","交通部觀光署: 2026-09-12T21:46:46+00:00",""
"Restaurant_395000000A_001648","店仔口肉丸","臺南市","白河區","臺南市白河區新起街31-6號(湄洲宮旁）","0933691123","","官方資料","https://data.gov.tw/dataset/7779","交通部觀光署: 2023-10-06T08:28:25+08:00","交通部觀光署: 2026-09-12T21:46:46+00:00",""
"Restaurant_395000000A_001649","東山排骨酥","臺南市","東山區","臺南市東山區中興路100號","(06)6802859","","官方資料","https://data.gov.tw/dataset/7779","交通部觀光署: 2022-12-05T15:44:25+08:00","交通部觀光署: 2026-09-12T21:46:46+00:00",""
"Restaurant_395000000A_001650","合記東山鴨頭","臺南市","東山區","臺南市東山區中興路24號","(06)6802032","","官方資料","https://data.gov.tw/dataset/7779","交通部觀光署: 2018-12-13T15:41:57+08:00","交通部觀光署: 2026-09-12T21:46:46+00:00",""
"Restaurant_395000000A_001651","日喜豆花","臺南市","東山區","臺南市東山區中興路106號","(06)6800324","","官方資料","https://data.gov.tw/dataset/7779","交通部觀光署: 2022-12-05T15:44:28+08:00","交通部觀光署: 2026-09-12T21:46:46+00:00",""
"Restaurant_395000000A_001653","張記東山肉圓","臺南市","東山區","臺南市東山區中興路91號","(06)6800709","","官方資料","https://data.gov.tw/dataset/7779","交通部觀光署: 2022-12-05T15:44:30+08:00","交通部觀光署: 2026-09-12T21:46:46+00:00",""
"Restaurant_395000000A_001655","阿文肉丸大腸","臺南市","東山區","臺南市東山區中興路54號","(06)6800480","","官方資料","https://data.gov.tw/dataset/7779","交通部觀光署: 2022-12-05T15:44:33+08:00","交通部觀光署: 2026-09-12T21:46:46+00:00",""
"Restaurant_395000000A_001656","良賓山海產店","臺南市","六甲區","臺南市六甲區珊瑚路45號","(06)6982839","","官方資料","https://data.gov.tw/dataset/7779","交通部觀光署: 2022-12-05T15:44:36+08:00","交通部觀光署: 2026-09-12T21:46:46+00:00",""
"Restaurant_395000000A_001657","口福羊肉店","臺南市","六甲區","臺南市六甲區中山路120號","(06)6983223","","官方資料","https://data.gov.tw/dataset/7779","交通部觀光署: 2022-12-05T15:44:39+08:00","交通部觀光署: 2026-09-12T21:46:46+00:00",""
"Restaurant_395000000A_001660","大麵耀豆菜麵","臺南市","六甲區","臺南市六甲區中正路485巷3號","(06)6992403","","官方資料","https://data.gov.tw/dataset/7779","交通部觀光署: 2022-12-05T15:44:42+08:00","交通部觀光署: 2026-09-12T21:46:46+00:00",""
"Restaurant_395000000A_001662","阿興168燻茶鵝","臺南市","下營區","臺南市下營區賀建里下橋頭1-8號","(06)6893229","","官方資料","https://data.gov.tw/dataset/7779","交通部觀光署: 2022-12-05T15:44:45+08:00","交通部觀光署: 2026-09-12T21:46:46+00:00",""
"Restaurant_395000000A_001663","阿興168鵝肉餐廳","臺南市","下營區","臺南市下營區中興南路336號","(06)6896888","","官方資料","https://data.gov.tw/dataset/7779","交通部觀光署: 2022-12-05T15:44:48+08:00","交通部觀光署: 2026-09-12T21:46:46+00:00",""
"Restaurant_395000000A_001665","臺南市柳營區農會田媽媽","臺南市","柳營區","臺南市柳營區柳營路二段77號","(06)6221248","","官方資料","https://data.gov.tw/dataset/7779","交通部觀光署: 2022-11-30T12:00:22+08:00","交通部觀光署: 2026-09-12T21:46:46+00:00",""
"Restaurant_395000000A_001666","小腳腿羊肉店","臺南市","柳營區","臺南市柳營區重溪里小腳腿21-9號","(06)6230349","","官方資料","https://data.gov.tw/dataset/7779","交通部觀光署: 2022-12-05T15:44:50+08:00","交通部觀光署: 2026-09-12T21:46:46+00:00",""
"Restaurant_395000000A_001668","鹽水豆簽羹","臺南市","鹽水區","臺南市鹽水區朝琴路19號","(06)6528437","","官方資料","https://data.gov.tw/dataset/7779","交通部觀光署: 2024-01-25T10:45:35+08:00","交通部觀光署: 2026-09-12T21:46:46+00:00",""
"Restaurant_395000000A_001670","林家肉圓","臺南市","鹽水區","臺南市鹽水區康樂路98號","(06)6521777","","官方資料","https://data.gov.tw/dataset/7779","交通部觀光署: 2022-02-02T12:03:58+08:00","交通部觀光署: 2026-09-12T21:46:46+00:00",""
"Restaurant_395000000A_001671","銀鋒冰果室","臺南市","鹽水區","臺南市鹽水區中山路1號","(06)6522202","","官方資料","https://data.gov.tw/dataset/7779","交通部觀光署: 2022-12-05T15:44:57+08:00","交通部觀光署: 2026-09-12T21:46:46+00:00",""
"Restaurant_395000000A_001672","阿桐意麵","臺南市","鹽水區","臺南市鹽水區福得里後厝4-6號","(06)6532261","","官方資料","https://data.gov.tw/dataset/7779","交通部觀光署: 2022-12-05T15:44:59+08:00","交通部觀光署: 2026-09-12T21:46:46+00:00",""
"Restaurant_395000000A_001673","顏清安鹽水意麵","臺南市","鹽水區","臺南市鹽水區中山路1號","(06)6522202","","官方資料","https://data.gov.tw/dataset/7779","交通部觀光署: 2022-12-05T15:45:02+08:00","交通部觀光署: 2026-09-12T21:46:46+00:00",""
"Restaurant_395000000A_001674","八角樓當歸鴨","臺南市","鹽水區","臺南市鹽水區中山路1號","(06)6523347","","官方資料","https://data.gov.tw/dataset/7779","交通部觀光署: 2022-12-05T15:45:04+08:00","交通部觀光署: 2026-09-12T21:46:46+00:00",""
"Restaurant_395000000A_001675","鹽水煎包","臺南市","鹽水區","臺南市鹽水區中正路7號號門口","0956653300","","官方資料","https://data.gov.tw/dataset/7779","交通部觀光署: 2024-08-28T14:10:17+08:00","交通部觀光署: 2026-09-12T21:46:46+00:00",""
"Restaurant_395000000A_001676","一等涼冬瓜原汁","臺南市","善化區","臺南市善化區中山路468巷1號","(06)5810800","","官方資料","https://data.gov.tw/dataset/7779","交通部觀光署: 2025-03-06T09:00:00+08:00","交通部觀光署: 2026-09-12T21:46:46+00:00",""
"Restaurant_395000000A_001678","國正食堂","臺南市","山上區","臺南市山上區南洲里南洲103號","(06)5781059","","官方資料","https://data.gov.tw/dataset/7779","交通部觀光署: 2022-12-05T15:45:10+08:00","交通部觀光署: 2026-09-12T21:46:46+00:00",""
"Restaurant_395000000A_001679","新市豬腳","臺南市","新市區","臺南市新市區中山路177-1號","(06)5996442","","官方資料","https://data.gov.tw/dataset/7779","交通部觀光署: 2022-12-05T15:45:12+08:00","交通部觀光署: 2026-09-12T21:46:46+00:00",""
"Restaurant_395000000A_001680","新市大胖海產40年老店","臺南市","新市區","臺南市新市區中興街47號","(06)5014588","","官方資料","https://data.gov.tw/dataset/7779","交通部觀光署: 2022-12-05T15:45:15+08:00","交通部觀光署: 2026-09-12T21:46:46+00:00",""
"Restaurant_395000000A_001681","姑婆麵","臺南市","新市區","臺南市新市區仁愛街306號","(06)5995772","","官方資料","https://data.gov.tw/dataset/7779","交通部觀光署: 2022-12-05T15:45:18+08:00","交通部觀光署: 2026-09-12T21:46:46+00:00",""
"Restaurant_395000000A_001682","世芳軒花生糖，麻花捲","臺南市","安定區","臺南市安定區蘇林里蘇厝227號","(06)5921003","","官方資料","https://data.gov.tw/dataset/7779","交通部觀光署: 2022-12-05T15:45:20+08:00","交通部觀光署: 2026-09-12T21:46:46+00:00",""
"Restaurant_395000000A_001683","中崙粿仔伯的店","臺南市","安定區","臺南市安定區中崙149號","(06)5937928","","官方資料","https://data.gov.tw/dataset/7779","交通部觀光署: 2018-12-13T15:41:57+08:00","交通部觀光署: 2026-09-12T21:46:46+00:00",""
"Restaurant_395000000A_001684","港口魠魚焿","臺南市","安定區","臺南市安定區港南村151號","(06)5938815","","官方資料","https://data.gov.tw/dataset/7779","交通部觀光署: 2022-12-05T15:45:23+08:00","交通部觀光署: 2026-09-12T21:46:46+00:00",""
"Restaurant_395000000A_001686","黑橋牌食品","臺南市","中西區","臺南市中西區公園路50號","(06)2260518","","官方資料","https://data.gov.tw/dataset/7779","交通部觀光署: 2025-10-21T13:43:12+08:00","交通部觀光署: 2026-09-12T21:46:46+00:00",""
"Restaurant_395000000A_001687","松稜食品","臺南市","歸仁區","臺南市歸仁區和順路二段305號","(06)2717519","","官方資料","https://data.gov.tw/dataset/7779","交通部觀光署: 2022-12-05T15:45:25+08:00","交通部觀光署: 2026-09-12T21:46:46+00:00",""
"Restaurant_395000000A_001689","周氏蝦捲","臺南市","安平區","臺南市安平區安平路125號","(06)2292618","","官方資料","https://data.gov.tw/dataset/7779","交通部觀光署: 2025-06-12T08:30:51+08:00","交通部觀光署: 2026-09-12T21:46:46+00:00",""
"Restaurant_395000000A_001694","銀波布丁","臺南市","安平區","臺南市安平區安平路462號","(06)2216285","","官方資料","https://data.gov.tw/dataset/7779","交通部觀光署: 2018-12-13T15:41:57+08:00","交通部觀光署: 2026-09-12T21:46:46+00:00",""
"Restaurant_395000000A_001696","兩角銀古早味冬瓜茶","臺南市","中西區","臺南市中西區永福路二段227巷51號","(06)2216818","","官方資料","https://data.gov.tw/dataset/7779","交通部觀光署: 2025-03-06T09:04:18+08:00","交通部觀光署: 2026-09-12T21:46:46+00:00",""
"Restaurant_395000000A_001712","椿之味薏仁湯","臺南市","安平區","台南市安平路372號","(06)3585107","","官方資料","https://data.gov.tw/dataset/7779","交通部觀光署: 2022-02-02T12:03:47+08:00","交通部觀光署: 2026-09-12T21:46:46+00:00",""
"Restaurant_395000000A_001713","延齡堂-高粱酸白菜火鍋","臺南市","北區","台南市富北街50號","(06)2210110","","官方資料","https://data.gov.tw/dataset/7779","交通部觀光署: 2022-12-05T15:45:29+08:00","交通部觀光署: 2026-09-12T21:46:46+00:00",""
"Restaurant_395000000A_001716","錢來也雜貨瓦斯行","臺南市","北門區","台南市北門里舊埕187號","(06)7862627","","官方資料","https://data.gov.tw/dataset/7779","交通部觀光署: 2022-02-02T12:04:27+08:00","交通部觀光署: 2026-09-12T21:46:46+00:00",""
"Restaurant_395000000A_001717","田媽媽下營鵝肉美食店","臺南市","下營區","台南市新興里中興南路21號","(06)6792318","","官方資料","https://data.gov.tw/dataset/7779","交通部觀光署: 2022-12-05T15:45:36+08:00","交通部觀光署: 2026-09-12T21:46:46+00:00",""
"Restaurant_395000000A_001719","施家小卷米粉","臺南市","南區","臺南市南區中華西路一段2巷5號","(06)2618753","","官方資料","https://data.gov.tw/dataset/7779","交通部觀光署: 2022-12-05T15:45:38+08:00","交通部觀光署: 2026-09-12T21:46:46+00:00",""
"Restaurant_395000000A_001721","杜蝦仁肉丸","臺南市","中西區","臺南市中西區尊王路55號","(06)2255367","","官方資料","https://data.gov.tw/dataset/7779","交通部觀光署: 2025-05-05T09:33:21+08:00","交通部觀光署: 2026-09-12T21:46:46+00:00",""
"Restaurant_395000000A_001722","客再來當歸鴨","臺南市","南區","臺南市南區夏林路97-2號","(06)2223360","","官方資料","https://data.gov.tw/dataset/7779","交通部觀光署: 2022-12-05T15:45:40+08:00","交通部觀光署: 2026-09-12T21:46:46+00:00",""
"Restaurant_395000000A_001723","下大道蘭米糕","臺南市","中西區","臺南市中西區康樂街6號","(06)2210076","","官方資料","https://data.gov.tw/dataset/7779","交通部觀光署: 2023-07-20T10:39:00+08:00","交通部觀光署: 2026-09-12T21:46:46+00:00",""
"Restaurant_395000000A_001725","天王牛排","臺南市","北區","臺南市北區花園夜市(育德路)","0931759321","","官方資料","https://data.gov.tw/dataset/7779","交通部觀光署: 2018-12-13T15:41:57+08:00","交通部觀光署: 2026-09-12T21:46:46+00:00",""
"Restaurant_395000000A_001726","天王牛排","臺南市","安定區","臺南市安定區安定262號","0919765920","","官方資料","https://data.gov.tw/dataset/7779","交通部觀光署: 2025-07-04T11:04:53+08:00","交通部觀光署: 2026-09-12T21:46:46+00:00",""
"Restaurant_395000000A_001730","冬瓜寶冬瓜茶冷飲專賣店","臺南市","中西區","臺南市中西區海安路一段41號","(06)2221223","","官方資料","https://data.gov.tw/dataset/7779","交通部觀光署: 2022-12-05T15:45:43+08:00","交通部觀光署: 2026-09-12T21:46:46+00:00",""
"Restaurant_395000000A_001733","臺南府城 吳萬春蜜餞","臺南市","中西區","臺南市中西區赤崁東街22號","(06)2236389","","官方資料","https://data.gov.tw/dataset/7779","交通部觀光署: 2023-04-11T07:57:53+08:00","交通部觀光署: 2026-09-12T21:46:46+00:00",""
"Restaurant_395000000A_001737","寮國咖啡","臺南市","中西區","臺南市中西區中山路79巷60號","(06)2225358","","官方資料","https://data.gov.tw/dataset/7779","交通部觀光署: 2022-12-05T15:45:48+08:00","交通部觀光署: 2026-09-12T21:46:46+00:00",""
"Restaurant_395000000A_001739","阿卿杏仁茶","臺南市","中西區","臺南市中西區保安路82號","(06)2262799","","官方資料","https://data.gov.tw/dataset/7779","交通部觀光署: 2022-12-05T15:45:50+08:00","交通部觀光署: 2026-09-12T21:46:46+00:00",""
"Restaurant_395000000A_001740","助仔牛肉湯","臺南市","安平區","臺南市安平區安平路624號","(06)2410201","","官方資料","https://data.gov.tw/dataset/7779","交通部觀光署: 2022-12-05T15:45:54+08:00","交通部觀光署: 2026-09-12T21:46:46+00:00",""
"Restaurant_395000000A_001741","阿松割包","臺南市","中西區","臺南市中西區國華街三段181號","(06)2110453","","官方資料","https://data.gov.tw/dataset/7779","交通部觀光署: 2022-12-05T15:45:55+08:00","交通部觀光署: 2026-09-12T21:46:46+00:00",""
"Restaurant_395000000A_001742","沙淘宮菜粽","臺南市","中西區","臺南市中西區西門路二段116巷(沙陶宮前)","(06)2583211","","官方資料","https://data.gov.tw/dataset/7779","交通部觀光署: 2022-12-05T15:45:57+08:00","交通部觀光署: 2026-09-12T21:46:46+00:00",""
"Restaurant_395000000A_001743","南方澳芋冰城","臺南市","歸仁區","臺南市歸仁區信義南路191號","(06)2302878","","官方資料","https://data.gov.tw/dataset/7779","交通部觀光署: 2018-12-13T15:41:57+08:00","交通部觀光署: 2026-09-12T21:46:46+00:00",""
"Restaurant_395000000A_001744","共益冰果室","臺南市","新化區","臺南市新化區中正路385號（新化市場入口）","(06)5907912","","官方資料","https://data.gov.tw/dataset/7779","交通部觀光署: 2022-12-05T15:45:59+08:00","交通部觀光署: 2026-09-12T21:46:46+00:00",""
"Restaurant_395000000A_001745","新營小燒餅","臺南市","新營區","臺南市新營區仁愛街30-1號","0935811876","","官方資料","https://data.gov.tw/dataset/7779","交通部觀光署: 2022-12-05T16:08:59+08:00","交通部觀光署: 2026-09-12T21:46:46+00:00",""
"Restaurant_395000000A_001748","台南桂田酒店","臺南市","永康區","臺南市永康區永安一街99號","(06)2438999","","官方資料","https://data.gov.tw/dataset/7779","交通部觀光署: 2022-12-05T15:46:02+08:00","交通部觀光署: 2026-09-12T21:46:46+00:00",""
"Restaurant_395000000A_001756","明治屋餐廳","臺南市","佳里區","臺南市佳里區光華街209號","(06)7224252","","官方資料","https://data.gov.tw/dataset/7779","交通部觀光署: 2022-12-05T15:46:04+08:00","交通部觀光署: 2026-09-12T21:46:46+00:00",""
"Restaurant_395000000A_001757","駱駝咖啡館","臺南市","官田區","臺南市官田區二鎮里二鎮75-55號","(06)6992638","","官方資料","https://data.gov.tw/dataset/7779","交通部觀光署: 2024-10-30T08:09:20+08:00","交通部觀光署: 2026-09-12T21:46:46+00:00",""
"Restaurant_395000000A_001758","六穎陶秀","臺南市","官田區","臺南市官田區大崎里大崎59-3號","0930388306","","官方資料","https://data.gov.tw/dataset/7779","交通部觀光署: 2022-12-05T15:46:10+08:00","交通部觀光署: 2026-09-12T21:46:46+00:00",""
"Restaurant_395000000A_001761","橋南美食咖啡","臺南市","鹽水區","臺南市鹽水區橋南街13號","(06)6522375","","官方資料","https://data.gov.tw/dataset/7779","交通部觀光署: 2022-12-05T15:46:12+08:00","交通部觀光署: 2026-09-12T21:46:46+00:00",""
"Restaurant_395000000A_001763","萬味珍","臺南市","將軍區","臺南市將軍區長沙村1之27號","(06)7931452","","官方資料","https://data.gov.tw/dataset/7779","交通部觀光署: 2024-10-30T08:05:14+08:00","交通部觀光署: 2026-09-12T21:46:46+00:00",""
"Restaurant_395000000A_001764","草山月世界308高地休閒農場桶仔雞","臺南市","左鎮區","臺南市左鎮區草山里113號","(06)5730097","","官方資料","https://data.gov.tw/dataset/7779","交通部觀光署: 2018-12-13T15:41:57+08:00","交通部觀光署: 2026-09-12T21:46:46+00:00",""
"Restaurant_395000000A_001765","大內豆菜麵","臺南市","大內區","臺南市大內區大內市場內","(06)5763509","","官方資料","https://data.gov.tw/dataset/7779","交通部觀光署: 2022-12-05T15:46:18+08:00","交通部觀光署: 2026-09-12T21:46:46+00:00",""
"Restaurant_395000000A_001767","鄭記碗粿","臺南市","中西區","臺南市中西區開山路301號","(06)2144210","","官方資料","https://data.gov.tw/dataset/7779","交通部觀光署: 2022-12-05T15:38:03+08:00","交通部觀光署: 2026-09-12T21:46:46+00:00",""
"Restaurant_395000000A_001768","王家燻羊肉","臺南市","龍崎區","臺南市龍崎區土崎里烏樹林34號","(06)5941393","","官方資料","https://data.gov.tw/dataset/7779","交通部觀光署: 2024-11-08T08:14:06+08:00","交通部觀光署: 2026-09-12T21:46:46+00:00",""
"Restaurant_395000000A_001769","瓜瓜園","臺南市","新化區","臺南市新化區中山路242號","(06)5900000","","官方資料","https://data.gov.tw/dataset/7779","交通部觀光署: 2018-12-13T15:41:57+08:00","交通部觀光署: 2026-09-12T21:46:46+00:00",""
"Restaurant_395000000A_001776","紅屋頂","臺南市","南化區","臺南市南化區297-1號","(06)5775267","","官方資料","https://data.gov.tw/dataset/7779","交通部觀光署: 2018-12-13T15:41:57+08:00","交通部觀光署: 2026-09-12T21:46:46+00:00",""
"Restaurant_395000000A_001777","陳家手工豆花","臺南市","北區","臺南市北區北忠街176號","(06)2241474","","官方資料","https://data.gov.tw/dataset/7779","交通部觀光署: 2022-12-05T15:35:28+08:00","交通部觀光署: 2026-09-12T21:46:46+00:00",""
"Restaurant_395000000A_001778","萬味香醬園門市部","臺南市","後壁區","臺南市後壁區菁寮里58號","(06)6623623","","官方資料","https://data.gov.tw/dataset/7779","交通部觀光署: 2022-12-05T15:37:37+08:00","交通部觀光署: 2026-09-12T21:46:46+00:00",""
"Restaurant_395000000A_001780","臻品周氏泡菜","臺南市","東區","臺南市東區東安路258號","0929159729","","官方資料","https://data.gov.tw/dataset/7779","交通部觀光署: 2022-12-05T15:34:19+08:00","交通部觀光署: 2026-09-12T21:46:46+00:00",""
"Restaurant_395000000A_001783","忠味麵館","臺南市","仁德區","臺南市仁德區仁義一街55號","(06)2791359","","官方資料","https://data.gov.tw/dataset/7779","交通部觀光署: 2022-02-02T12:02:27+08:00","交通部觀光署: 2026-09-12T21:46:46+00:00",""
"Restaurant_395000000A_001785","井選","臺南市","東區","臺南市東區大學路18巷9號","(06)2362097","","官方資料","https://data.gov.tw/dataset/7779","交通部觀光署: 2022-12-05T15:34:16+08:00","交通部觀光署: 2026-09-12T21:46:46+00:00",""
"Restaurant_395000000A_001788","街役場古蹟餐坊 Historical Township Office Restaurant","臺南市","新化區","臺南市新化區中正路500號","(06)5905599","","官方資料","https://data.gov.tw/dataset/7779","交通部觀光署: 2022-11-30T12:00:05+08:00","交通部觀光署: 2026-09-12T21:46:46+00:00",""
"Restaurant_395000000A_001793","Kaluwa 泰式音樂餐廳","臺南市","新市區","臺南市新市區民權路50號","(06)5897960","","官方資料","https://data.gov.tw/dataset/7779","交通部觀光署: 2022-12-05T15:35:10+08:00","交通部觀光署: 2026-09-12T21:46:46+00:00",""
"Restaurant_395000000A_001797","一芝紅大旺來烘焙坊","臺南市","永康區","臺南市永康區中山南路43巷57號","(06)2027815","","官方資料","https://data.gov.tw/dataset/7779","交通部觀光署: 2019-07-31T17:26:46+08:00","交通部觀光署: 2026-09-12T21:46:46+00:00",""
"Restaurant_395000000A_001804","二空村長張家涼麵","臺南市","仁德區","臺南市仁德區成功里保華路14號","(06)3352873","","官方資料","https://data.gov.tw/dataset/7779","交通部觀光署: 2022-12-05T15:38:07+08:00","交通部觀光署: 2026-09-12T21:46:46+00:00",""
"Restaurant_395000000A_001805","趙家臘味","臺南市","東區","臺南市東區文化五街11號","(06)3360921","","官方資料","https://data.gov.tw/dataset/7779","交通部觀光署: 2022-12-05T15:34:22+08:00","交通部觀光署: 2026-09-12T21:46:46+00:00",""
"Restaurant_395000000A_001806","二空燕京蔥油餅","臺南市","仁德區","臺南市仁德區二空路108號","(06)2890923","","官方資料","https://data.gov.tw/dataset/7779","交通部觀光署: 2022-12-05T15:37:22+08:00","交通部觀光署: 2026-09-12T21:46:46+00:00",""
"Restaurant_395000000A_001807","二層坪梅子雞","臺南市","楠西區","臺南市楠西區梅嶺29號","(06)5753982","","官方資料","https://data.gov.tw/dataset/7779","交通部觀光署: 2022-12-05T15:38:09+08:00","交通部觀光署: 2026-09-12T21:46:46+00:00",""
"Restaurant_395000000A_001808","二饌牛肉麵","臺南市","新市區","臺南市新市區光華街129號","(06)5891784","","官方資料","https://data.gov.tw/dataset/7779","交通部觀光署: 2022-12-05T15:35:07+08:00","交通部觀光署: 2026-09-12T21:46:46+00:00",""
"Restaurant_395000000A_001809","三代祖傳碗稞","臺南市","鹽水區","臺南市鹽水區觀光美食城","(06)6533381","","官方資料","https://data.gov.tw/dataset/7779","交通部觀光署: 2018-12-13T15:41:57+08:00","交通部觀光署: 2026-09-12T21:46:46+00:00",""
"Restaurant_395000000A_001810","烏山咖啡","臺南市","南化區","臺南市南化區南176鄉道","(06)5773304","","官方資料","https://data.gov.tw/dataset/7779","交通部觀光署: 2022-12-05T15:37:07+08:00","交通部觀光署: 2026-09-12T21:46:46+00:00",""
"Restaurant_395000000A_001811","三鮮台海鮮平價料理","臺南市","善化區","臺南市善化區光復路810號","(06)5814592","","官方資料","https://data.gov.tw/dataset/7779","交通部觀光署: 2022-12-05T15:34:37+08:00","交通部觀光署: 2026-09-12T21:46:46+00:00",""
"Restaurant_395000000A_001813","千家軒","臺南市","永康區","臺南市永康區復國一路466號","(06)2311927","","官方資料","https://data.gov.tw/dataset/7779","交通部觀光署: 2022-12-05T15:36:51+08:00","交通部觀光署: 2026-09-12T21:46:46+00:00",""
"Restaurant_395000000A_001816","士久扁食","臺南市","永康區","臺南市永康區正新街48號","(06)2832381","","官方資料","https://data.gov.tw/dataset/7779","交通部觀光署: 2022-12-05T15:37:00+08:00","交通部觀光署: 2026-09-12T21:46:46+00:00",""
"Restaurant_395000000A_001820","邱家小卷米粉","臺南市","中西區","臺南市中西區國華街三段253號","(06)2210517","","官方資料","https://data.gov.tw/dataset/7779","交通部觀光署: 2022-11-30T12:00:06+08:00","交通部觀光署: 2026-09-12T21:46:46+00:00",""
"Restaurant_395000000A_001826","大灣隆冰點","臺南市","永康區","臺南市永康區民族路351號","(06)2736886","","官方資料","https://data.gov.tw/dataset/7779","交通部觀光署: 2018-12-13T15:41:57+08:00","交通部觀光署: 2026-09-12T21:46:46+00:00",""
"Restaurant_395000000A_001836","Mr.Wheat 小麥先生創意料理 - 新市創始店","臺南市","新市區","臺南市新市區富林路352號","(06)5898565","","官方資料","https://data.gov.tw/dataset/7779","交通部觀光署: 2022-12-05T15:35:13+08:00","交通部觀光署: 2026-09-12T21:46:46+00:00",""
"Restaurant_395000000A_001837","小精靈餐飲屋","臺南市","玉井區","臺南市玉井區中華路359號","(06)5742472","","官方資料","https://data.gov.tw/dataset/7779","交通部觀光署: 2022-12-05T15:39:22+08:00","交通部觀光署: 2026-09-12T21:46:46+00:00",""
"Restaurant_395000000A_001839","山友餐廳","臺南市","南化區","臺南市南化區297-3號","(06)6353226","","官方資料","https://data.gov.tw/dataset/7779","交通部觀光署: 2021-03-04T12:01:22+08:00","交通部觀光署: 2026-09-12T21:46:46+00:00",""
"Restaurant_395000000A_001841","山頂居甕仔雞美食（關嶺店）","臺南市","白河區","臺南市白河區白河鎮關嶺里關子嶺41號","(06)6822825","","官方資料","https://data.gov.tw/dataset/7779","交通部觀光署: 2022-12-05T15:39:20+08:00","交通部觀光署: 2026-09-12T21:46:46+00:00",""
"Restaurant_395000000A_001843","長春健康素食餐飲連鎖中華店","臺南市","東區","臺南市東區中華東路二段131-1號","(06)3351599","","官方資料","https://data.gov.tw/dataset/7779","交通部觀光署: 2022-12-05T15:33:42+08:00","交通部觀光署: 2026-09-12T21:46:46+00:00",""
"Restaurant_395000000A_001844","五花馬水餃館(台南裕農門市)","臺南市","東區","臺南市東區裕農路783號","(06)2005908","","官方資料","https://data.gov.tw/dataset/7779","交通部觀光署: 2022-12-05T15:33:45+08:00","交通部觀光署: 2026-09-12T21:46:46+00:00",""
"Restaurant_395000000A_001846","公館古早風味餐","臺南市","左鎮區","臺南市左鎮區岡林里31號","(06)5730107","","官方資料","https://data.gov.tw/dataset/7779","交通部觀光署: 2018-12-13T15:41:57+08:00","交通部觀光署: 2026-09-12T21:46:46+00:00",""
"Restaurant_395000000A_001850","天香園梅仔雞餐廳","臺南市","楠西區","臺南市楠西區梅嶺29-3號","(06)5755557","","官方資料","https://data.gov.tw/dataset/7779","交通部觀光署: 2022-12-05T15:39:23+08:00","交通部觀光署: 2026-09-12T21:46:46+00:00",""
"Restaurant_395000000A_001853","文川梅子雞","臺南市","楠西區","臺南市楠西區灣丘里梅嶺29之2號","(06)5754086","","官方資料","https://data.gov.tw/dataset/7779","交通部觀光署: 2022-12-05T15:39:26+08:00","交通部觀光署: 2026-09-12T21:46:46+00:00",""
"Restaurant_395000000A_001855","木成香菇場","臺南市","白河區","臺南市白河區關子嶺31-16號","(06)6822086","","官方資料","https://data.gov.tw/dataset/7779","交通部觀光署: 2021-03-04T12:01:39+08:00","交通部觀光署: 2026-09-12T21:46:46+00:00",""
"Restaurant_395000000A_001857","牛の屋","臺南市","新營區","臺南市新營區三民路159號","(06)6337950","","官方資料","https://data.gov.tw/dataset/7779","交通部觀光署: 2018-12-13T15:41:57+08:00","交通部觀光署: 2026-09-12T21:46:46+00:00",""
"Restaurant_395000000A_001860","無患子生技開發有限公司","臺南市","安定區","臺南市安定區南安里62-18號","0800200240","","官方資料","https://data.gov.tw/dataset/7779","交通部觀光署: 2022-12-05T15:39:34+08:00","交通部觀光署: 2026-09-12T21:46:46+00:00",""
"Restaurant_395000000A_001862","古早厝美味山產快炒","臺南市","白河區","臺南市白河區關嶺里關子嶺45號","(06)6822210","","官方資料","https://data.gov.tw/dataset/7779","交通部觀光署: 2022-12-05T15:39:39+08:00","交通部觀光署: 2026-09-12T21:46:46+00:00",""
"Restaurant_395000000A_001863","古都碗粿 東門總店","臺南市","東區","臺南市東區東門路2段306號","(06)2880566","","官方資料","https://data.gov.tw/dataset/7779","交通部觀光署: 2022-12-05T15:34:17+08:00","交通部觀光署: 2026-09-12T21:46:46+00:00",""
"Restaurant_395000000A_001864","古堡蚵仔煎專賣店","臺南市","安平區","臺南市安平區效忠街85號","(06)2266035","","官方資料","https://data.gov.tw/dataset/7779","交通部觀光署: 2022-12-05T15:39:10+08:00","交通部觀光署: 2026-09-12T21:46:46+00:00",""
"Restaurant_395000000A_001870","台南蔡虱目魚專賣店","臺南市","北區","臺南市北區西門路四段236號","(06)2820076","","官方資料","https://data.gov.tw/dataset/7779","交通部觀光署: 2022-02-02T12:04:07+08:00","交通部觀光署: 2026-09-12T21:46:46+00:00",""
"Restaurant_395000000A_001872","台糖糖廠冰品","臺南市","仁德區","臺南市仁德區成功里文華路二段290號","(06)2376666","","官方資料","https://data.gov.tw/dataset/7779","交通部觀光署: 2026-02-03T08:30:05+08:00","交通部觀光署: 2026-09-12T21:46:46+00:00",""
"Restaurant_395000000A_001877","顏選火雞","臺南市","北區","台南市北區長北街121號","(06)2510536","","官方資料","https://data.gov.tw/dataset/7779","交通部觀光署: 2022-11-30T12:00:04+08:00","交通部觀光署: 2026-09-12T21:46:46+00:00",""
"Restaurant_395000000A_001880","打火兄弟ㄟ麵店","臺南市","仁德區","臺南市仁德區保生東路86號","(06)2893177","","官方資料","https://data.gov.tw/dataset/7779","交通部觀光署: 2019-07-31T17:54:34+08:00","交通部觀光署: 2026-09-12T21:46:46+00:00",""
"Restaurant_395000000A_001881","民權鍋燒意麵","臺南市","善化區","臺南市善化區民權路69號","(06)5853405","","官方資料","https://data.gov.tw/dataset/7779","交通部觀光署: 2022-12-05T15:34:48+08:00","交通部觀光署: 2026-09-12T21:46:46+00:00",""
"Restaurant_395000000A_001885","椰子林美食餐廳","臺南市","左鎮區","臺南市左鎮區112-1號","(06)5731483","","官方資料","https://data.gov.tw/dataset/7779","交通部觀光署: 2022-12-05T15:39:12+08:00","交通部觀光署: 2026-09-12T21:46:46+00:00",""
"Restaurant_395000000A_001886","田媽媽長盈海味屋","臺南市","北門區","臺南市北門區慈安里484號","(06)7850577","","官方資料","https://data.gov.tw/dataset/7779","交通部觀光署: 2024-10-30T08:04:41+08:00","交通部觀光署: 2026-09-12T21:46:46+00:00",""
"Restaurant_395000000A_001887","南化阿蘭餐廳","臺南市","南化區","臺南市南化區西埔里6號之5","(06)5773917","","官方資料","https://data.gov.tw/dataset/7779","交通部觀光署: 2022-12-05T15:37:04+08:00","交通部觀光署: 2026-09-12T21:46:46+00:00",""
"Restaurant_395000000A_001889","白雪冰果室","臺南市","鹽水區","臺南市鹽水區朝琴路126號","(06)6521033","","官方資料","https://data.gov.tw/dataset/7779","交通部觀光署: 2022-12-05T15:35:21+08:00","交通部觀光署: 2026-09-12T21:46:46+00:00",""
"Restaurant_395000000A_001892","石精臼點心城","臺南市","中西區","臺南市中西區民族路二段230號","(06)2110050","","官方資料","https://data.gov.tw/dataset/7779","交通部觀光署: 2022-12-05T15:39:15+08:00","交通部觀光署: 2026-09-12T21:46:46+00:00",""
"Restaurant_395000000A_001893","立大冰城","臺南市","善化區","臺南市善化區民生路304號","(06)5838538","","官方資料","https://data.gov.tw/dataset/7779","交通部觀光署: 2022-12-05T15:35:00+08:00","交通部觀光署: 2026-09-12T21:46:46+00:00",""
"Restaurant_395000000A_001911","愛文鄉冰島 -台南玉井店","臺南市","玉井區","臺南市玉井區豐里里60-19號","(06)5749218","","官方資料","https://data.gov.tw/dataset/7779","交通部觀光署: 2021-03-04T12:01:38+08:00","交通部觀光署: 2026-09-12T21:46:46+00:00",""
"Restaurant_395000000A_001912","吉利排骨麵-新市","臺南市","新市區","臺南市新市區新市里華興街34號","(06)5995785","","官方資料","https://data.gov.tw/dataset/7779","交通部觀光署: 2022-12-05T15:35:04+08:00","交通部觀光署: 2026-09-12T21:46:46+00:00",""
"Restaurant_395000000A_001916","如意臭豆腐","臺南市","後壁區","臺南市後壁區後壁里175-36號","(06)6872222","","官方資料","https://data.gov.tw/dataset/7779","交通部觀光署: 2022-12-05T15:37:34+08:00","交通部觀光署: 2026-09-12T21:46:46+00:00",""
"Restaurant_395000000A_001922","成功醬油新化門市","臺南市","新化區","臺南市新化區中興路767號","(06)5906485","","官方資料","https://data.gov.tw/dataset/7779","交通部觀光署: 2022-11-30T12:00:05+08:00","交通部觀光署: 2026-09-12T21:46:46+00:00",""
"Restaurant_395000000A_001923","玉井有間冰舖芒果冰","臺南市","玉井區","臺南市玉井區中正路154號","(06)5742869","","官方資料","https://data.gov.tw/dataset/7779","交通部觀光署: 2023-06-29T11:04:52+08:00","交通部觀光署: 2026-09-12T21:46:46+00:00",""
"Restaurant_395000000A_001924","德記古早味汕頭豆花","臺南市","中西區","臺南市中西區和意路76號","(06)2140737","","官方資料","https://data.gov.tw/dataset/7779","交通部觀光署: 2024-09-20T10:50:47+08:00","交通部觀光署: 2026-09-12T21:46:46+00:00",""
"Restaurant_395000000A_001925","百年月津鹽水意麵","臺南市","鹽水區","臺南市鹽水區中山路49號","(06)6525071","","官方資料","https://data.gov.tw/dataset/7779","交通部觀光署: 2018-12-13T15:41:57+08:00","交通部觀光署: 2026-09-12T21:46:46+00:00",""
"Restaurant_395000000A_001927","竹香園甕缸雞(總店)","臺南市","白河區","臺南市白河區關嶺里46-3號","(06)6823100","","官方資料","https://data.gov.tw/dataset/7779","交通部觀光署: 2022-12-05T15:39:02+08:00","交通部觀光署: 2026-09-12T21:46:46+00:00",""
"Restaurant_395000000A_001929","羊城小食店","臺南市","中西區","臺南市中西區中正路199巷5號","(06)2216609","","官方資料","https://data.gov.tw/dataset/7779","交通部觀光署: 2022-12-05T15:35:52+08:00","交通部觀光署: 2026-09-12T21:46:46+00:00",""
"Restaurant_395000000A_001931","老街山產美食","臺南市","白河區","臺南市白河區關嶺里31-11號","(06)6823369","","官方資料","https://data.gov.tw/dataset/7779","交通部觀光署: 2022-12-05T15:39:05+08:00","交通部觀光署: 2026-09-12T21:46:46+00:00",""
"Restaurant_395000000A_001932","老鄉長景觀餐廳","臺南市","玉井區","臺南市玉井區沙田里25-23號","(06)5747579","","官方資料","https://data.gov.tw/dataset/7779","交通部觀光署: 2022-12-05T15:39:08+08:00","交通部觀光署: 2026-09-12T21:46:46+00:00",""
"Restaurant_395000000A_001940","西頭冰城","臺南市","新市區","臺南市新市區中正路229號","(06)5992697","","官方資料","https://data.gov.tw/dataset/7779","交通部觀光署: 2022-12-05T15:35:16+08:00","交通部觀光署: 2026-09-12T21:46:46+00:00",""
"Restaurant_395000000A_001946","宏昌本產羊肉","臺南市","善化區","臺南市善化區中山路480號","(06)5811989","","官方資料","https://data.gov.tw/dataset/7779","交通部觀光署: 2022-12-05T15:34:42+08:00","交通部觀光署: 2026-09-12T21:46:46+00:00",""
"Restaurant_395000000A_001947","新營李家宇航牛肉湯","臺南市","新營區","臺南市新營區民治路83之2號","(06)6572872","","官方資料","https://data.gov.tw/dataset/7779","交通部觀光署: 2025-04-16T16:57:56+08:00","交通部觀光署: 2026-09-12T21:46:46+00:00",""
"Restaurant_395000000A_001953","里夫蛋糕店","臺南市","北區","臺南市北區和緯路五段56號","(06)2803997","","官方資料","https://data.gov.tw/dataset/7779","交通部觀光署: 2022-12-05T16:15:26+08:00","交通部觀光署: 2026-09-12T21:46:46+00:00",""
"Restaurant_395000000A_001958","佳湘西點","臺南市","西港區","臺南市西港區慶安路175號","(06)7958160","","官方資料","https://data.gov.tw/dataset/7779","交通部觀光署: 2024-10-30T08:08:17+08:00","交通部觀光署: 2026-09-12T21:46:46+00:00",""
"Restaurant_395000000A_001961","卓仔麵店","臺南市","仁德區","臺南市仁德區仁義路115號","(06)2701623","","官方資料","https://data.gov.tw/dataset/7779","交通部觀光署: 2022-12-05T15:37:25+08:00","交通部觀光署: 2026-09-12T21:46:46+00:00",""
"Restaurant_395000000A_001962","味新餅舖","臺南市","白河區","臺南市白河區中山路212號","0931753884","","官方資料","https://data.gov.tw/dataset/7779","交通部觀光署: 2022-12-05T15:36:06+08:00","交通部觀光署: 2026-09-12T21:46:46+00:00",""
"Restaurant_395000000A_001964","呷霸浮水魚羹","臺南市","中西區","臺南市中西區民族路二段343號","(06)2233634","","官方資料","https://data.gov.tw/dataset/7779","交通部觀光署: 2022-12-05T15:38:55+08:00","交通部觀光署: 2026-09-12T21:46:46+00:00",""
"Restaurant_395000000A_001966","奇美咖啡館","臺南市","東區","臺南市東區大學路1號","(06)2758011","","官方資料","https://data.gov.tw/dataset/7779","交通部觀光署: 2022-12-05T15:33:39+08:00","交通部觀光署: 2026-09-12T21:46:46+00:00",""
"Restaurant_395000000A_001968","官記臭豆腐","臺南市","北區","臺南市北區海安路3段69號","(06)2211333","","官方資料","https://data.gov.tw/dataset/7779","交通部觀光署: 2022-12-05T15:35:37+08:00","交通部觀光署: 2026-09-12T21:46:46+00:00",""
"Restaurant_395000000A_001981","岩頂自然休閒坊","臺南市","白河區","臺南市白河區白河鎮關嶺里關子嶺65-28號","(06)6823339","","官方資料","https://data.gov.tw/dataset/7779","交通部觀光署: 2022-12-05T15:38:57+08:00","交通部觀光署: 2026-09-12T21:46:46+00:00",""
"Restaurant_395000000A_001985","所長茶葉蛋 (新化店)","臺南市","新化區","臺南市新化區忠孝路19號","(06)5909198","","官方資料","https://data.gov.tw/dataset/7779","交通部觀光署: 2022-12-05T15:34:02+08:00","交通部觀光署: 2026-09-12T21:46:46+00:00",""
"Restaurant_395000000A_001988","明新食品-歸仁店","臺南市","歸仁區","臺南市歸仁區中山路二段255號","(06)2305787","","官方資料","https://data.gov.tw/dataset/7779","交通部觀光署: 2026-01-12T10:40:23+08:00","交通部觀光署: 2026-09-12T21:46:46+00:00",""
"Restaurant_395000000A_001989","明新食品-東寧二店","臺南市","東區","臺南市東區東寧路500號","(06)2740011","","官方資料","https://data.gov.tw/dataset/7779","交通部觀光署: 2026-01-12T10:40:19+08:00","交通部觀光署: 2026-09-12T21:46:46+00:00",""
"Restaurant_395000000A_001995","新化~東成醬油會館","臺南市","新化區","臺南市新化區中興路293號","(06)5801919","","官方資料","https://data.gov.tw/dataset/7779","交通部觀光署: 2022-02-02T12:04:39+08:00","交通部觀光署: 2026-09-12T21:46:46+00:00",""
"Restaurant_395000000A_001997","山里愛玉冰","臺南市","中西區","臺南市中西區府前路一段29號","(06)2138699","","官方資料","https://data.gov.tw/dataset/7779","交通部觀光署: 2022-12-05T15:39:01+08:00","交通部觀光署: 2026-09-12T21:46:46+00:00",""
"Restaurant_395000000A_001998","東茂餐廳","臺南市","白河區","臺南市白河區十全街295號","(06)6852128","","官方資料","https://data.gov.tw/dataset/7779","交通部觀光署: 2022-12-05T15:36:17+08:00","交通部觀光署: 2026-09-12T21:46:46+00:00",""
"Restaurant_395000000A_002002","東興蚵嗲","臺南市","安平區","臺南市安平區古堡街1號","(06)2290249","","官方資料","https://data.gov.tw/dataset/7779","交通部觀光署: 2022-12-05T15:38:59+08:00","交通部觀光署: 2026-09-12T21:46:46+00:00",""
"Restaurant_395000000A_002003","東東宴會式場-華平囍嫁館","臺南市","安平區","臺南市安平區華平路156號","(06)2953688","","官方資料","https://data.gov.tw/dataset/7779","交通部觀光署: 2022-12-05T15:33:32+08:00","交通部觀光署: 2026-09-12T21:46:46+00:00",""
"Restaurant_395000000A_002004","東饌魚翅","臺南市","安平區","臺南市安平區華平路156號","(06)2952288","","官方資料","https://data.gov.tw/dataset/7779","交通部觀光署: 2022-12-05T15:33:25+08:00","交通部觀光署: 2026-09-12T21:46:46+00:00",""
"Restaurant_395000000A_002005","松村煙燻魯味","臺南市","中西區","臺南市中西區民族路二段319號","(06)2296398","","官方資料","https://data.gov.tw/dataset/7779","交通部觀光署: 2022-12-05T15:40:16+08:00","交通部觀光署: 2026-09-12T21:46:46+00:00",""
"Restaurant_395000000A_002006","林仔土魠魚羹","臺南市","仁德區","臺南市仁德區中山路130號","(06)2700049","","官方資料","https://data.gov.tw/dataset/7779","交通部觀光署: 2018-12-13T15:41:57+08:00","交通部觀光署: 2026-09-12T21:46:46+00:00",""
"Restaurant_395000000A_002007","林記虱目魚小吃店","臺南市","柳營區","臺南市柳營區柳營路一段948號","(06)6221148","","官方資料","https://data.gov.tw/dataset/7779","交通部觀光署: 2022-12-05T15:35:39+08:00","交通部觀光署: 2026-09-12T21:46:46+00:00",""
"Restaurant_395000000A_002008","林媽媽鍋燒意麵","臺南市","麻豆區","臺南市麻豆區復興街32-1號","(06)5729689","","官方資料","https://data.gov.tw/dataset/7779","交通部觀光署: 2022-12-05T15:36:29+08:00","交通部觀光署: 2026-09-12T21:46:46+00:00",""
"Restaurant_395000000A_002010","台南武廟肉圓","臺南市","中西區","臺南市中西區永福路二段194號","(06)2229142","","官方資料","https://data.gov.tw/dataset/7779","交通部觀光署: 2022-12-05T15:40:18+08:00","交通部觀光署: 2026-09-12T21:46:46+00:00",""
"Restaurant_395000000A_002011","河南冰莊","臺南市","西港區","臺南市西港區中山路298號","(06)7952620","","官方資料","https://data.gov.tw/dataset/7779","交通部觀光署: 2022-12-05T15:34:27+08:00","交通部觀光署: 2026-09-12T21:46:46+00:00",""
"Restaurant_395000000A_002016","金加紅龜店","臺南市","北區","臺南市北區北華街113 號","(06)2294996","","官方資料","https://data.gov.tw/dataset/7779","交通部觀光署: 2022-12-05T15:40:14+08:00","交通部觀光署: 2026-09-12T21:46:46+00:00",""
"Restaurant_395000000A_002020","金得春捲","臺南市","中西區","臺南市中西區民族路三段19號","(06)2285397","","官方資料","https://data.gov.tw/dataset/7779","交通部觀光署: 2025-03-06T08:15:40+08:00","交通部觀光署: 2026-09-12T21:46:46+00:00",""
"Restaurant_395000000A_002026","阿良碗粿","臺南市","西港區","臺南市西港區中山路326號","(06)7952163","","官方資料","https://data.gov.tw/dataset/7779","交通部觀光署: 2022-12-05T15:40:09+08:00","交通部觀光署: 2026-09-12T21:46:46+00:00",""
"Restaurant_395000000A_002029","石家正阿美綠豆湯","臺南市","北區","臺南市北區西門路三段64號","(06)2221851","","官方資料","https://data.gov.tw/dataset/7779","交通部觀光署: 2022-12-05T15:40:11+08:00","交通部觀光署: 2026-09-12T21:46:46+00:00",""
"Restaurant_395000000A_002030","阿娟咖哩飯鴨肉羹","臺南市","中西區","臺南市中西區保安路36號","(06)2248134","","官方資料","https://data.gov.tw/dataset/7779","交通部觀光署: 2022-12-05T15:35:45+08:00","交通部觀光署: 2026-09-12T21:46:46+00:00",""
"Restaurant_395000000A_002031","阿真肉圓","臺南市","東山區","臺南市東山區達雲路1段1號","(06)6801400","","官方資料","https://data.gov.tw/dataset/7779","交通部觀光署: 2018-12-13T15:41:57+08:00","交通部觀光署: 2026-09-12T21:46:46+00:00",""
"Restaurant_395000000A_002034","阿菊食堂","臺南市","歸仁區","臺南市歸仁區保大路二段1號","(06)2055676","","官方資料","https://data.gov.tw/dataset/7779","交通部觀光署: 2022-12-05T15:40:04+08:00","交通部觀光署: 2026-09-12T21:46:46+00:00",""
"Restaurant_395000000A_002037","阿燕姨冰枝店","臺南市","山上區","臺南市山上區178縣道54號","(06)5781235","","官方資料","https://data.gov.tw/dataset/7779","交通部觀光署: 2018-12-13T15:41:57+08:00","交通部觀光署: 2026-09-12T21:46:46+00:00",""
"Restaurant_395000000A_002038","阿龍杏仁茶","臺南市","永康區","臺南市永康區小東路581號","(06)3111091","","官方資料","https://data.gov.tw/dataset/7779","交通部觀光署: 2024-10-14T15:00:48+08:00","交通部觀光署: 2026-09-12T21:46:46+00:00",""
"Restaurant_395000000A_002041","秀里蚵嗲","臺南市","將軍區","臺南市將軍區鯤溟里100號","(06)7920886","","官方資料","https://data.gov.tw/dataset/7779","交通部觀光署: 2025-02-03T08:32:32+08:00","交通部觀光署: 2026-09-12T21:46:46+00:00",""
"Restaurant_395000000A_002042","保哥黑輪","臺南市","中西區","臺南市中西區府前路一段196巷25號","(06)2285442","","官方資料","https://data.gov.tw/dataset/7779","交通部觀光署: 2022-12-05T15:40:05+08:00","交通部觀光署: 2026-09-12T21:46:46+00:00",""
"Restaurant_395000000A_002043","保興味食品行","臺南市","關廟區","臺南市關廟區中山路二段46號1樓","(06)5955520","","官方資料","https://data.gov.tw/dataset/7779","交通部觀光署: 2023-05-29T17:55:05+08:00","交通部觀光署: 2026-09-12T21:46:46+00:00",""
"Restaurant_395000000A_002045","信仔牛肉湯","臺南市","安定區","臺南市安定區178縣道58-38號","(06)5922577","","官方資料","https://data.gov.tw/dataset/7779","交通部觀光署: 2024-11-25T08:32:46+08:00","交通部觀光署: 2026-09-12T21:46:46+00:00",""
"Restaurant_395000000A_002046","南風冰菓室","臺南市","西港區","臺南市西港區中山路296號","0911871308","","官方資料","https://data.gov.tw/dataset/7779","交通部觀光署: 2022-02-02T12:04:08+08:00","交通部觀光署: 2026-09-12T21:46:46+00:00",""
"Restaurant_395000000A_002047","南寶高爾夫球場附設餐廳","臺南市","大內區","臺南市大內區頭社里136號","(06)5763829","","官方資料","https://data.gov.tw/dataset/7779","交通部觀光署: 2018-12-13T15:41:57+08:00","交通部觀光署: 2026-09-12T21:46:46+00:00",""
"Restaurant_395000000A_002048","品牛牛肉湯","臺南市","安南區","臺南市安南區海佃路2段422號","(06)2451517","","官方資料","https://data.gov.tw/dataset/7779","交通部觀光署: 2022-12-05T15:35:43+08:00","交通部觀光署: 2026-09-12T21:46:46+00:00",""
"Restaurant_395000000A_002049","品味軒食品行","臺南市","麻豆區","臺南市麻豆區苓仔林路16號","(06)6353226","","官方資料","https://data.gov.tw/dataset/7779","交通部觀光署: 2018-12-13T15:41:57+08:00","交通部觀光署: 2026-09-12T21:46:46+00:00",""
"Restaurant_395000000A_002051","姚 燒鳥","臺南市","中西區","臺南市中西區民族路三段52號","(06)2266345","","官方資料","https://data.gov.tw/dataset/7779","交通部觀光署: 2022-12-05T15:40:01+08:00","交通部觀光署: 2026-09-12T21:46:46+00:00",""
"Restaurant_395000000A_002052","台南度小月担仔面","臺南市","中西區","臺南市中西區民族路二段216號","(06)2215631","","官方資料","https://data.gov.tw/dataset/7779","交通部觀光署: 2022-02-02T12:03:49+08:00","交通部觀光署: 2026-09-12T21:46:46+00:00",""
"Restaurant_395000000A_002053","度小月擔仔麵","臺南市","中西區","臺南市中西區中正路101號","(06)2200858","","官方資料","https://data.gov.tw/dataset/7779","交通部觀光署: 2022-12-05T15:39:55+08:00","交通部觀光署: 2026-09-12T21:46:46+00:00",""
"Restaurant_395000000A_002054","台南市洋香瓜聯合運銷合作社","臺南市","後壁區","臺南市後壁區竹新里3號","(06)6371938","","官方資料","https://data.gov.tw/dataset/7779","交通部觀光署: 2026-01-12T10:33:23+08:00","交通部觀光署: 2026-09-12T21:46:46+00:00",""
"Restaurant_395000000A_002057","柑園咖啡","臺南市","東山區","臺南市東山區高原里90之1號","0988581337","","官方資料","https://data.gov.tw/dataset/7779","交通部觀光署: 2026-08-27T14:50:58+08:00","交通部觀光署: 2026-09-12T21:46:46+00:00",""
"Restaurant_395000000A_002058","柚花精釀酵醋","臺南市","麻豆區","臺南市麻豆區南勢里總爺12-1號(總爺藝文中心)","0933355086","","官方資料","https://data.gov.tw/dataset/7779","交通部觀光署: 2018-12-13T15:41:57+08:00","交通部觀光署: 2026-09-12T21:46:46+00:00",""
"Restaurant_395000000A_002059","泉成點心店","臺南市","北區","臺南市北區裕民街1號","(06)2271090","","官方資料","https://data.gov.tw/dataset/7779","交通部觀光署: 2022-12-05T15:35:35+08:00","交通部觀光署: 2026-09-12T21:46:46+00:00",""
"Restaurant_395000000A_002060","泉威布丁豆花","臺南市","西港區","臺南市西港區劉厝里114之3號","(06)7957215","","官方資料","https://data.gov.tw/dataset/7779","交通部觀光署: 2022-02-02T12:03:43+08:00","交通部觀光署: 2026-09-12T21:46:46+00:00",""
"Restaurant_395000000A_002062","洪祖師擔仔麵","臺南市","東區","臺南市東區崇德路508巷12號","(06)2296512","","官方資料","https://data.gov.tw/dataset/7779","交通部觀光署: 2018-12-13T15:41:57+08:00","交通部觀光署: 2026-09-12T21:46:46+00:00",""
"Restaurant_395000000A_002068","茅廬農莊","臺南市","左鎮區","臺南市左鎮區榮和村62-11號","(06)5732056","","官方資料","https://data.gov.tw/dataset/7779","交通部觀光署: 2018-12-13T15:41:57+08:00","交通部觀光署: 2026-09-12T21:46:46+00:00",""
"Restaurant_395000000A_002073","香榭彎咖啡簡餐","臺南市","南化區","臺南市南化區南化里297號","(06)5775123","","官方資料","https://data.gov.tw/dataset/7779","交通部觀光署: 2022-12-05T15:39:41+08:00","交通部觀光署: 2026-09-12T21:46:46+00:00",""
"Restaurant_395000000A_002074","麻豆土魠魚焿","臺南市","麻豆區","臺南市麻豆區中正路72號","(06)6353226","","官方資料","https://data.gov.tw/dataset/7779","交通部觀光署: 2022-12-05T15:36:28+08:00","交通部觀光署: 2026-09-12T21:46:46+00:00",""
"Restaurant_395000000A_002075","石精臼蚵仔煎","臺南市","中西區","臺南市中西區國華路三段182號","(06)2235679","","官方資料","https://data.gov.tw/dataset/7779","交通部觀光署: 2022-12-05T15:39:48+08:00","交通部觀光署: 2026-09-12T21:46:46+00:00",""
"Restaurant_395000000A_002076","唐媽媽早點","臺南市","仁德區","臺南市仁德區保華路12號","(06)2675173","","官方資料","https://data.gov.tw/dataset/7779","交通部觀光署: 2018-12-13T15:41:57+08:00","交通部觀光署: 2026-09-12T21:46:46+00:00",""
"Restaurant_395000000A_002077","夏家手工魚麵","臺南市","中西區","臺南市中西區府前路一段353號","(06)2144400","","官方資料","https://data.gov.tw/dataset/7779","交通部觀光署: 2022-12-05T15:39:43+08:00","交通部觀光署: 2026-09-12T21:46:46+00:00",""
"Restaurant_395000000A_002078","嘉昌雞肉飯","臺南市","新市區","臺南市新市區社內1-7號","(06)5894217","","官方資料","https://data.gov.tw/dataset/7779","交通部觀光署: 2022-12-05T16:09:05+08:00","交通部觀光署: 2026-09-12T21:46:46+00:00",""
"Restaurant_395000000A_002079","家屋簡餐","臺南市","柳營區","臺南市柳營區中山東路2段863號","(06)6226858","","官方資料","https://data.gov.tw/dataset/7779","交通部觀光署: 2022-12-05T15:35:41+08:00","交通部觀光署: 2026-09-12T21:46:46+00:00",""
"Restaurant_395000000A_002083","崁頂山野味餐廳土雞城","臺南市","白河區","臺南市白河區關嶺里31-2號","(06)6822988","","官方資料","https://data.gov.tw/dataset/7779","交通部觀光署: 2022-12-05T15:39:45+08:00","交通部觀光署: 2026-09-12T21:46:46+00:00",""
"Restaurant_395000000A_002085","泰成水果冰店","臺南市","中西區","臺南市中西區正興街80號","(06)2281794","","官方資料","https://data.gov.tw/dataset/7779","交通部觀光署: 2022-12-05T15:35:55+08:00","交通部觀光署: 2026-09-12T21:46:46+00:00",""
"Restaurant_395000000A_002086","泰味食足","臺南市","善化區","臺南市善化區大成路266號","(06)5834877","","官方資料","https://data.gov.tw/dataset/7779","交通部觀光署: 2022-12-05T15:34:57+08:00","交通部觀光署: 2026-09-12T21:46:46+00:00",""
"Restaurant_395000000A_002088","海王子庭園餐廳","臺南市","白河區","臺南市白河區忠孝街26號","(06)6855115","","官方資料","https://data.gov.tw/dataset/7779","交通部觀光署: 2024-08-30T08:23:26+08:00","交通部觀光署: 2026-09-12T21:46:46+00:00",""
"Restaurant_395000000A_002092","真真香肉脯行","臺南市","永康區","臺南市永康區復國一路250號","(06)3131899","","官方資料","https://data.gov.tw/dataset/7779","交通部觀光署: 2022-12-05T15:36:53+08:00","交通部觀光署: 2026-09-12T21:46:46+00:00",""
"Restaurant_395000000A_002100","張氏農場","臺南市","新市區","臺南市新市區大社里430號","(06)5991878","","官方資料","https://data.gov.tw/dataset/7779","交通部觀光署: 2018-12-13T15:41:57+08:00","交通部觀光署: 2026-09-12T21:46:46+00:00",""
"Restaurant_395000000A_002102","御香咖啡","臺南市","東山區","臺南市東山區高原村95-12號","(06)6862600","","官方資料","https://data.gov.tw/dataset/7779","交通部觀光署: 2018-12-13T15:41:57+08:00","交通部觀光署: 2026-09-12T21:46:46+00:00",""
"Restaurant_395000000A_002105","清香牛肉湯","臺南市","東區","臺南市東區仁東街72號","(06)2604512","","官方資料","https://data.gov.tw/dataset/7779","交通部觀光署: 2022-12-27T17:37:11+08:00","交通部觀光署: 2026-09-12T21:46:46+00:00",""
"Restaurant_395000000A_002106","甜園飲冰室","臺南市","西港區","臺南市西港區慶安路55號","(06)7951380","","官方資料","https://data.gov.tw/dataset/7779","交通部觀光署: 2022-12-05T15:34:34+08:00","交通部觀光署: 2026-09-12T21:46:46+00:00",""
"Restaurant_395000000A_002109","荷鄉香蓮園","臺南市","白河區","臺南市白河區竹門里61號","(06)6855063","","官方資料","https://data.gov.tw/dataset/7779","交通部觀光署: 2024-11-25T08:51:22+08:00","交通部觀光署: 2026-09-12T21:46:46+00:00",""
"Restaurant_395000000A_002111","覓秘複合式咖啡廳","臺南市","仁德區","臺南市仁德區文善街116號","(06)2495338","","官方資料","https://data.gov.tw/dataset/7779","交通部觀光署: 2025-02-21T14:14:40+08:00","交通部觀光署: 2026-09-12T21:46:46+00:00",""
"Restaurant_395000000A_002112","慶中街郭家綠豆湯","臺南市","中西區","臺南市中西區慶中街16號","(06)2137868","","官方資料","https://data.gov.tw/dataset/7779","交通部觀光署: 2022-12-05T15:39:51+08:00","交通部觀光署: 2026-09-12T21:46:46+00:00",""
"Restaurant_395000000A_002116","陳記四川口味臘腸","臺南市","仁德區","臺南市仁德區成功里保華路287號","(06)2690880","","官方資料","https://data.gov.tw/dataset/7779","交通部觀光署: 2018-12-13T15:41:57+08:00","交通部觀光署: 2026-09-12T21:46:46+00:00",""
"Restaurant_395000000A_002124","尚鮮排骨酥麵","臺南市","麻豆區","臺南市麻豆區中山路126-1號","(06)5713695","","官方資料","https://data.gov.tw/dataset/7779","交通部觀光署: 2022-12-05T15:36:26+08:00","交通部觀光署: 2026-09-12T21:46:46+00:00",""
"Restaurant_395000000A_002130","勝利早點","臺南市","東區","臺南市東區勝利路119號","(06)2386043","","官方資料","https://data.gov.tw/dataset/7779","交通部觀光署: 2022-12-05T15:39:53+08:00","交通部觀光署: 2026-09-12T21:46:46+00:00",""
"Restaurant_395000000A_002131","周仔進口羊肉","臺南市","善化區","臺南市善化區中山路493號","(06)5815827","","官方資料","https://data.gov.tw/dataset/7779","交通部觀光署: 2022-12-05T15:34:39+08:00","交通部觀光署: 2026-09-12T21:46:46+00:00",""
"Restaurant_395000000A_002132","善化農會冰品休閒中心","臺南市","善化區","臺南市善化區嘉北里茄拔352之10號","(06)6353226","","官方資料","https://data.gov.tw/dataset/7779","交通部觀光署: 2022-12-05T15:34:51+08:00","交通部觀光署: 2026-09-12T21:46:46+00:00",""
"Restaurant_395000000A_002133","善化啤酒廠","臺南市","善化區","臺南市善化區成功路2號","(06)5838511","","官方資料","https://data.gov.tw/dataset/7779","交通部觀光署: 2022-11-30T12:00:06+08:00","交通部觀光署: 2026-09-12T21:46:46+00:00",""
"Restaurant_395000000A_002139","揚梅吐氣","臺南市","楠西區","臺南市楠西區灣丘里1-5號","(06)5751617","","官方資料","https://data.gov.tw/dataset/7779","交通部觀光署: 2022-12-05T15:38:34+08:00","交通部觀光署: 2026-09-12T21:46:46+00:00",""
"Restaurant_395000000A_002140","景好園咖啡庭園","臺南市","南化區","臺南市南化區南化里290號","(06)5773259","","官方資料","https://data.gov.tw/dataset/7779","交通部觀光署: 2021-03-04T12:01:23+08:00","交通部觀光署: 2026-09-12T21:46:46+00:00",""
"Restaurant_395000000A_002143","琲茶饌","臺南市","善化區","臺南市善化區中山路215-3號","(06)5853688","","官方資料","https://data.gov.tw/dataset/7779","交通部觀光署: 2022-12-05T15:34:45+08:00","交通部觀光署: 2026-09-12T21:46:46+00:00",""
"Restaurant_395000000A_002145","華味香旗艦店","臺南市","新營區","臺南市新營區長榮路二段1020號","(06)6569292","","官方資料","https://data.gov.tw/dataset/7779","交通部觀光署: 2022-12-05T15:36:40+08:00","交通部觀光署: 2026-09-12T21:46:46+00:00",""
"Restaurant_395000000A_002147","進福大灣花生糖-赤崁店","臺南市","中西區","臺南市中西區民族路二段327號(赤崁樓對面)","(06)2218338","","官方資料","https://data.gov.tw/dataset/7779","交通部觀光署: 2022-12-05T15:38:32+08:00","交通部觀光署: 2026-09-12T21:46:46+00:00",""
"Restaurant_395000000A_002149","開源社香雞排（新市店）","臺南市","新市區","臺南市新市區中興街24號","0916216393","","官方資料","https://data.gov.tw/dataset/7779","交通部觀光署: 2022-12-05T15:35:06+08:00","交通部觀光署: 2026-09-12T21:46:46+00:00",""
"Restaurant_395000000A_002151","雅品桶仔雞","臺南市","東山區","臺南市東山區南勢里2鄰17號","(06)6861505","","官方資料","https://data.gov.tw/dataset/7779","交通部觀光署: 2022-12-05T15:37:43+08:00","交通部觀光署: 2026-09-12T21:46:46+00:00",""
"Restaurant_395000000A_002152","雲象泰式餐廳","臺南市","中西區","臺南市中西區頂美一街3號","(06)2505155","","官方資料","https://data.gov.tw/dataset/7779","交通部觀光署: 2022-12-05T15:33:30+08:00","交通部觀光署: 2026-09-12T21:46:46+00:00",""
"Restaurant_395000000A_002157","黑橋牌香腸博物館","臺南市","南區","臺南市南區新忠路2號","(06)2616990","","官方資料","https://data.gov.tw/dataset/7779","交通部觀光署: 2022-11-30T12:00:02+08:00","交通部觀光署: 2026-09-12T21:46:46+00:00",""
"Restaurant_395000000A_002159","圓環頂肉粽菜粽","臺南市","中西區","臺南市中西區府前路一段40號","(06)2220752","","官方資料","https://data.gov.tw/dataset/7779","交通部觀光署: 2022-12-05T15:38:41+08:00","交通部觀光署: 2026-09-12T21:46:46+00:00",""
"Restaurant_395000000A_002162","福大食品有限公司","臺南市","北區","臺南市北區公園路760號","(06)2451670","","官方資料","https://data.gov.tw/dataset/7779","交通部觀光署: 2018-12-13T15:41:57+08:00","交通部觀光署: 2026-09-12T21:46:46+00:00",""
"Restaurant_395000000A_002163","新化老攤鴨蛋糕","臺南市","新化區","臺南市新化區信義路217號","(06)5905031","","官方資料","https://data.gov.tw/dataset/7779","交通部觀光署: 2018-12-13T15:41:57+08:00","交通部觀光署: 2026-09-12T21:46:46+00:00",""
"Restaurant_395000000A_002166","新加坡冰城","臺南市","麻豆區","臺南市麻豆區興南路121號","(06)5722245","","官方資料","https://data.gov.tw/dataset/7779","交通部觀光署: 2022-12-05T15:36:33+08:00","交通部觀光署: 2026-09-12T21:46:46+00:00",""
"Restaurant_395000000A_002168","新玉香麻花捲60年老店","臺南市","安定區","臺南市安定區蘇林里205號","(06)5922716","","官方資料","https://data.gov.tw/dataset/7779","交通部觀光署: 2024-11-25T08:31:07+08:00","交通部觀光署: 2026-09-12T21:46:46+00:00",""
"Restaurant_395000000A_002171","新昌羊肉鵝肉","臺南市","仁德區","臺南市仁德區中正路二段357號","(06)2792382","","官方資料","https://data.gov.tw/dataset/7779","交通部觀光署: 2022-12-05T15:37:17+08:00","交通部觀光署: 2026-09-12T21:46:46+00:00",""
"Restaurant_395000000A_002172","新順發行","臺南市","北區","臺南市北區北忠路136號","(06)2227787","","官方資料","https://data.gov.tw/dataset/7779","交通部觀光署: 2022-12-05T15:38:37+08:00","交通部觀光署: 2026-09-12T21:46:46+00:00",""
"Restaurant_395000000A_002173","新萬香餐廳","臺南市","善化區","臺南市善化區民生路432號","(06)5836569","","官方資料","https://data.gov.tw/dataset/7779","交通部觀光署: 2022-12-05T15:34:52+08:00","交通部觀光署: 2026-09-12T21:46:46+00:00",""
"Restaurant_395000000A_002175","新龍莊土雞城","臺南市","關廟區","臺南市關廟區北花里中正路40巷6號","(06)5958947","","官方資料","https://data.gov.tw/dataset/7779","交通部觀光署: 2022-12-05T15:38:52+08:00","交通部觀光署: 2026-09-12T21:46:46+00:00",""
"Restaurant_395000000A_002177","楊媽媽菓子工坊 MaMaYang Bakery","臺南市","後壁區","臺南市後壁區後壁里99號","(06)6871101","","官方資料","https://data.gov.tw/dataset/7779","交通部觀光署: 2022-12-05T15:37:35+08:00","交通部觀光署: 2026-09-12T21:46:46+00:00",""
"Restaurant_395000000A_002178","梅嶺楓采榆咖啡","臺南市","楠西區","臺南市楠西區香蕉山34號","(06)5755890","","官方資料","https://data.gov.tw/dataset/7779","交通部觀光署: 2022-12-05T16:09:18+08:00","交通部觀光署: 2026-09-12T21:46:46+00:00",""
"Restaurant_395000000A_002179","果農之家","臺南市","楠西區","臺南市楠西區密枝里密枝6號","(06)5750035","","官方資料","https://data.gov.tw/dataset/7779","交通部觀光署: 2022-06-01T20:37:10+08:00","交通部觀光署: 2026-09-12T21:46:46+00:00",""
"Restaurant_395000000A_002181","萬有全食品廠","臺南市","仁德區","臺南市仁德區一甲里太乙三街33號","(06)2700751","","官方資料","https://data.gov.tw/dataset/7779","交通部觀光署: 2022-12-05T15:37:30+08:00","交通部觀光署: 2026-09-12T21:46:46+00:00",""
"Restaurant_395000000A_002183","葉家小卷米粉","臺南市","中西區","臺南市中西區國華街二段142號","(06)2226142","","官方資料","https://data.gov.tw/dataset/7779","交通部觀光署: 2022-12-05T15:35:50+08:00","交通部觀光署: 2026-09-12T21:46:46+00:00",""
"Restaurant_395000000A_002184","慶中街豬血湯","臺南市","中西區","臺南市中西區慶中街24號","(06)2141005","","官方資料","https://data.gov.tw/dataset/7779","交通部觀光署: 2022-12-05T15:38:46+08:00","交通部觀光署: 2026-09-12T21:46:46+00:00",""
"Restaurant_395000000A_002185","葉陶楊坊人文餐廳","臺南市","新化區","臺南市新化區信義路54號","(06)5908000","","官方資料","https://data.gov.tw/dataset/7779","交通部觀光署: 2022-12-05T15:33:59+08:00","交通部觀光署: 2026-09-12T21:46:46+00:00",""
"Restaurant_395000000A_002188","農舍庭園茶坊","臺南市","新化區","臺南市新化區中山路110-1號","(06)5801379","","官方資料","https://data.gov.tw/dataset/7779","交通部觀光署: 2022-12-05T15:38:48+08:00","交通部觀光署: 2026-09-12T21:46:46+00:00",""
"Restaurant_395000000A_002192","嘉義廖火雞肉飯","臺南市","東區","臺南市東區府連路148號","(06)2148889","","官方資料","https://data.gov.tw/dataset/7779","交通部觀光署: 2022-12-05T15:34:11+08:00","交通部觀光署: 2026-09-12T21:46:46+00:00",""
"Restaurant_395000000A_002194","榮興水果店","臺南市","北區","臺南市北區成功路58號","(06)2259556","","官方資料","https://data.gov.tw/dataset/7779","交通部觀光署: 2022-12-05T15:35:26+08:00","交通部觀光署: 2026-09-12T21:46:46+00:00",""
"Restaurant_395000000A_002195","瑪哩咖啡","臺南市","東山區","臺南市東山區175縣道","0935710599","","官方資料","https://data.gov.tw/dataset/7779","交通部觀光署: 2018-12-13T15:41:57+08:00","交通部觀光署: 2026-09-12T21:46:46+00:00",""
"Restaurant_395000000A_002196","瑪莎園","臺南市","玉井區","臺南市玉井區沙田里25-66號","(06)5746809","","官方資料","https://data.gov.tw/dataset/7779","交通部觀光署: 2022-12-05T15:38:44+08:00","交通部觀光署: 2026-09-12T21:46:46+00:00",""
"Restaurant_395000000A_002199","福生小食店","臺南市","中西區","臺南市中西區海安路一段100號","(06)2282998","","官方資料","https://data.gov.tw/dataset/7779","交通部觀光署: 2022-12-05T15:35:48+08:00","交通部觀光署: 2026-09-12T21:46:46+00:00",""
"Restaurant_395000000A_002201","福來梅仔雞餐廳（楠西店）","臺南市","楠西區","臺南市楠西區水庫路275號","(06)5753966","","官方資料","https://data.gov.tw/dataset/7779","交通部觀光署: 2025-03-20T18:07:00+08:00","交通部觀光署: 2026-09-12T21:46:46+00:00",""
"Restaurant_395000000A_002203","福泰飯桌","臺南市","中西區","臺南市中西區民族路二段240號","(06)2286833","","官方資料","https://data.gov.tw/dataset/7779","交通部觀光署: 2018-12-13T15:41:57+08:00","交通部觀光署: 2026-09-12T21:46:46+00:00",""
"Restaurant_395000000A_002206","綠色空間","臺南市","玉井區","臺南市玉井區沙田25-66號","(06)5747666","","官方資料","https://data.gov.tw/dataset/7779","交通部觀光署: 2019-07-31T13:56:04+08:00","交通部觀光署: 2026-09-12T21:46:46+00:00",""
"Restaurant_395000000A_002208","台南七海魚肚魚皮專賣店","臺南市","東區","臺南市東區東門路三段177號","(06)3351990","","官方資料","https://data.gov.tw/dataset/7779","交通部觀光署: 2022-12-05T15:34:05+08:00","交通部觀光署: 2026-09-12T21:46:46+00:00",""
"Restaurant_395000000A_002212","豪記喜餅","臺南市","白河區","臺南市白河區中山路91號","(06)6852568","","官方資料","https://data.gov.tw/dataset/7779","交通部觀光署: 2022-12-05T15:36:05+08:00","交通部觀光署: 2026-09-12T21:46:46+00:00",""
"Restaurant_395000000A_002214","銀座日式料理","臺南市","東區","臺南市東區崇善路51號","(06)3350999","","官方資料","https://data.gov.tw/dataset/7779","交通部觀光署: 2022-12-05T15:36:54+08:00","交通部觀光署: 2026-09-12T21:46:46+00:00",""
"Restaurant_395000000A_002215","劉記韭菜盒子","臺南市","安平區","臺南市安平區安北路159號","(06)6353226","","官方資料","https://data.gov.tw/dataset/7779","交通部觀光署: 2022-12-05T15:38:24+08:00","交通部觀光署: 2026-09-12T21:46:46+00:00",""
"Restaurant_395000000A_002216","劉家楊桃湯","臺南市","東區","臺南市東區北門路一段34、36號","(06)2251887","","官方資料","https://data.gov.tw/dataset/7779","交通部觀光署: 2022-12-05T15:38:27+08:00","交通部觀光署: 2026-09-12T21:46:46+00:00",""
"Restaurant_395000000A_002222","德昌碾米工廠","臺南市","柳營區","臺南市柳營區雙和路107號","(06)6221222","","官方資料","https://data.gov.tw/dataset/7779","交通部觀光署: 2022-12-05T15:33:51+08:00","交通部觀光署: 2026-09-12T21:46:46+00:00",""
"Restaurant_395000000A_002223","慶瑞茶莊","臺南市","新營區","臺南市新營區中山路89號","(06)6322349","","官方資料","https://data.gov.tw/dataset/7779","交通部觀光署: 2022-12-05T15:33:50+08:00","交通部觀光署: 2026-09-12T21:46:46+00:00",""
"Restaurant_395000000A_002226","潤餅林","臺南市","白河區","臺南市白河區公有市場四巷36號","(06)6854937","","官方資料","https://data.gov.tw/dataset/7779","交通部觀光署: 2018-12-13T15:41:57+08:00","交通部觀光署: 2026-09-12T21:46:46+00:00",""
"Restaurant_395000000A_002228","磐創作陶坊","臺南市","新營區","臺南市新營區太南里276-1號","(06)6532916","","官方資料","https://data.gov.tw/dataset/7779","交通部觀光署: 2022-12-05T15:38:29+08:00","交通部觀光署: 2026-09-12T21:46:46+00:00",""
"Restaurant_395000000A_002229","穀倉餐廳","臺南市","西港區","臺南市西港區營西里1號","(06)7956700","","官方資料","https://data.gov.tw/dataset/7779","交通部觀光署: 2024-10-30T08:08:47+08:00","交通部觀光署: 2026-09-12T21:46:46+00:00",""
"Restaurant_395000000A_002230","蔡家米糕","臺南市","中西區","臺南市中西區民族路二段232號","(06)2209671","","官方資料","https://data.gov.tw/dataset/7779","交通部觀光署: 2018-12-13T15:41:57+08:00","交通部觀光署: 2026-09-12T21:46:46+00:00",""
"Restaurant_395000000A_002231","輝哥本產牛肉爐","臺南市","仁德區","臺南市仁德區中山路60號","(06)2702647","","官方資料","https://data.gov.tw/dataset/7779","交通部觀光署: 2022-12-05T15:37:32+08:00","交通部觀光署: 2026-09-12T21:46:46+00:00",""
"Restaurant_395000000A_002233","盧記古釀茶鋪","臺南市","北區","臺南市北區北忠街138號","(06)2284622","","官方資料","https://data.gov.tw/dataset/7779","交通部觀光署: 2022-12-05T15:35:34+08:00","交通部觀光署: 2026-09-12T21:46:46+00:00",""
"Restaurant_395000000A_002236","翰林茶館","臺南市","中西區","臺南市中西區民族路二段313號","(06)2212357","","官方資料","https://data.gov.tw/dataset/7779","交通部觀光署: 2024-11-25T08:49:21+08:00","交通部觀光署: 2026-09-12T21:46:46+00:00",""
"Restaurant_395000000A_002238","鴨母寮市場垃圾麵","臺南市","北區","臺南市北區成功路215號","(06)6353226","","官方資料","https://data.gov.tw/dataset/7779","交通部觀光署: 2022-12-05T15:38:18+08:00","交通部觀光署: 2026-09-12T21:46:46+00:00",""
"Restaurant_395000000A_002240","龍泉岩土雞莊","臺南市","關廟區","臺南市關廟區中正路55號","(06)5952315","","官方資料","https://data.gov.tw/dataset/7779","交通部觀光署: 2022-12-05T15:36:20+08:00","交通部觀光署: 2026-09-12T21:46:46+00:00",""
"Restaurant_395000000A_002241","龍泉食堂","臺南市","白河區","臺南市白河區關嶺里關子嶺21號","(06)6822337","","官方資料","https://data.gov.tw/dataset/7779","交通部觀光署: 2022-12-05T15:38:21+08:00","交通部觀光署: 2026-09-12T21:46:46+00:00",""
"Restaurant_395000000A_002244","嶺景土雞城","臺南市","白河區","臺南市白河區關嶺里48號","(06)6822202","","官方資料","https://data.gov.tw/dataset/7779","交通部觀光署: 2022-12-05T15:36:12+08:00","交通部觀光署: 2026-09-12T21:46:46+00:00",""
"Restaurant_395000000A_002260","鴻品牛肉湯","臺南市","永康區","臺南市永康區大安街288號","(06)2055243","","官方資料","https://data.gov.tw/dataset/7779","交通部觀光署: 2022-12-05T15:37:02+08:00","交通部觀光署: 2026-09-12T21:46:46+00:00",""
"Restaurant_395000000A_002264","鎮傳四神湯","臺南市","中西區","臺南市中西區民族路二段365號","(06)2209686","","官方資料","https://data.gov.tw/dataset/7779","交通部觀光署: 2022-12-05T15:38:14+08:00","交通部觀光署: 2026-09-12T21:46:46+00:00",""
"Restaurant_395000000A_002268","香菇蛋","臺南市","白河區","臺南市白河區關嶺里關子嶺41-5號","0933669759","","官方資料","https://data.gov.tw/dataset/7779","交通部觀光署: 2022-12-05T15:38:16+08:00","交通部觀光署: 2026-09-12T21:46:46+00:00",""
"Restaurant_395000000A_002269","鬍鬚豬頭飯","臺南市","鹽水區","臺南市鹽水區南門路89號","(06)6524258","","官方資料","https://data.gov.tw/dataset/7779","交通部觀光署: 2022-12-05T15:35:19+08:00","交通部觀光署: 2026-09-12T21:46:46+00:00",""
"Restaurant_395000000A_002271","寶芝林燻茶鵝","臺南市","下營區","臺南市下營區中興南路141號","(06)6897267","","官方資料","https://data.gov.tw/dataset/7779","交通部觀光署: 2022-12-05T15:36:22+08:00","交通部觀光署: 2026-09-12T21:46:46+00:00",""
"Restaurant_395000000A_002276","寶達香瓜子","臺南市","麻豆區","臺南市麻豆區興中路69號","(06)5722650","","官方資料","https://data.gov.tw/dataset/7779","交通部觀光署: 2022-12-05T15:36:24+08:00","交通部觀光署: 2026-09-12T21:46:46+00:00",""
"Restaurant_395000000A_002279","蘭科植物園","臺南市","山上區","臺南市山上區玉峰里牛稠埔11-2號","(06)5781358","","官方資料","https://data.gov.tw/dataset/7779","交通部觀光署: 2022-12-05T15:37:12+08:00","交通部觀光署: 2026-09-12T21:46:46+00:00",""
"Restaurant_395000000A_002280","鐵金鋼食品有限公司","臺南市","關廟區","臺南市關廟區中山路一段365號","(06)5965678","","官方資料","https://data.gov.tw/dataset/7779","交通部觀光署: 2022-12-05T15:33:47+08:00","交通部觀光署: 2026-09-12T21:46:46+00:00",""
"Restaurant_395000000A_002282","體育公園杏仁豆腐冰","臺南市","中西區","臺南市中西區南寧街41號","(06)2137180","","官方資料","https://data.gov.tw/dataset/7779","交通部觀光署: 2025-09-24T10:41:07+08:00","交通部觀光署: 2026-09-12T21:46:46+00:00",""
"Restaurant_395000000A_002284","鹽鄉民宿餐廳","臺南市","北門區","臺南市北門區永華里井仔腳57號","(06)7862643","","官方資料","https://data.gov.tw/dataset/7779","交通部觀光署: 2022-12-05T15:36:00+08:00","交通部觀光署: 2026-09-12T21:46:46+00:00",""
"Restaurant_395000000A_002285","蠻牛牛肉涮涮鍋","臺南市","新營區","臺南市新營區三仙里復興路102之1號","(06)6377361","","官方資料","https://data.gov.tw/dataset/7779","交通部觀光署: 2022-12-05T15:36:37+08:00","交通部觀光署: 2026-09-12T21:46:46+00:00",""
"Restaurant_395000000A_002306","利達豆花（佳里店）","臺南市","佳里區","臺南市佳里區安北路42號","(06)7235407","","官方資料","https://data.gov.tw/dataset/7779","交通部觀光署: 2018-12-13T15:41:57+08:00","交通部觀光署: 2026-09-12T21:46:46+00:00",""
"Restaurant_395000000A_006369","阿喬師水粄粥","臺南市","中西區","臺南市中西區西門路一段704-1號","(06)2157079","","官方資料","https://data.gov.tw/dataset/7779","交通部觀光署: 2022-12-05T15:30:36+08:00","交通部觀光署: 2026-09-12T21:46:46+00:00",""
"Restaurant_395000000A_006370","安平小舖 安平形象店","臺南市","安平區","臺南市安平區安平路788號","(06)2438619","","官方資料","https://data.gov.tw/dataset/7779","交通部觀光署: 2022-12-05T15:30:32+08:00","交通部觀光署: 2026-09-12T21:46:46+00:00",""
"Restaurant_395000000A_006371","椿友手工烘焙坊","臺南市","中西區","臺南市中西區民權路一段73號","(06)2290357","","官方資料","https://data.gov.tw/dataset/7779","交通部觀光署: 2022-12-05T15:30:31+08:00","交通部觀光署: 2026-09-12T21:46:46+00:00",""
"Restaurant_395000000A_006372","丹莉蛋捲","臺南市","永康區","臺南市永康區鹽行路67號","0975026828","","官方資料","https://data.gov.tw/dataset/7779","交通部觀光署: 2022-12-05T15:30:29+08:00","交通部觀光署: 2026-09-12T21:46:46+00:00",""
"Restaurant_395000000A_006375","韓匠│韓國食品專賣店","臺南市","東區","臺南市東區前鋒路87號1樓","(06)2008903","","官方資料","https://data.gov.tw/dataset/7779","交通部觀光署: 2022-12-05T15:30:26+08:00","交通部觀光署: 2026-09-12T21:46:46+00:00",""
"Restaurant_395000000A_006378","咖啡部屋","臺南市","東區","臺南市東區中華東路三段332號","(06)3358951","","官方資料","https://data.gov.tw/dataset/7779","交通部觀光署: 2022-12-05T15:30:22+08:00","交通部觀光署: 2026-09-12T21:46:46+00:00",""
"Restaurant_395000000A_006381","佛都愛玉","臺南市","中西區","臺南市中西區友愛街223號","(06)2201166","","官方資料","https://data.gov.tw/dataset/7779","交通部觀光署: 2023-09-18T08:33:11+08:00","交通部觀光署: 2026-09-12T21:46:46+00:00",""
"Restaurant_395000000A_006382","佛都愛玉佳里旗艦店","臺南市","佳里區","臺南市佳里區成功路200號","(06)7234569","","官方資料","https://data.gov.tw/dataset/7779","交通部觀光署: 2023-09-18T08:33:22+08:00","交通部觀光署: 2026-09-12T21:46:46+00:00",""
"Restaurant_395000000A_006384","感性魯味","臺南市","中西區","臺南市中西區尊王路90-1號","(06)2233951","","官方資料","https://data.gov.tw/dataset/7779","交通部觀光署: 2022-12-05T15:30:14+08:00","交通部觀光署: 2026-09-12T21:46:46+00:00",""
"Restaurant_395000000A_006386","合口味肉品-麻豆店","臺南市","麻豆區","臺南市麻豆區博愛路30號","0928574298","","官方資料","https://data.gov.tw/dataset/7779","交通部觀光署: 2022-12-05T15:30:13+08:00","交通部觀光署: 2026-09-12T21:46:46+00:00",""
"Restaurant_395000000A_006388","卡布里義廚","臺南市","新營區","臺南市新營區復興路83號","(06)6357436","","官方資料","https://data.gov.tw/dataset/7779","交通部觀光署: 2022-12-05T15:30:11+08:00","交通部觀光署: 2026-09-12T21:46:46+00:00",""
"Restaurant_395000000A_006392","六巷手作飲料","臺南市","中西區","臺南市中西區西門路一段703巷17號","(06)2236633","","官方資料","https://data.gov.tw/dataset/7779","交通部觀光署: 2022-12-05T15:30:07+08:00","交通部觀光署: 2026-09-12T21:46:46+00:00",""
"Restaurant_395000000A_006394","清珠布丁豆花","臺南市","新營區","臺南市新營區民治路76之4號","(06)6592046","","官方資料","https://data.gov.tw/dataset/7779","交通部觀光署: 2022-12-05T15:30:06+08:00","交通部觀光署: 2026-09-12T21:46:46+00:00",""
"Restaurant_395000000A_006396","時之幸福輕手工蛋捲","臺南市","中西區","臺南市中西區海安路二段98號","(06)2211522","","官方資料","https://data.gov.tw/dataset/7779","交通部觀光署: 2025-09-16T14:45:12+08:00","交通部觀光署: 2026-09-12T21:46:46+00:00",""
"Restaurant_395000000A_006399","舞鶴燒烤舖","臺南市","中西區","臺南市中西區尊王路92號","(06)2288418","","官方資料","https://data.gov.tw/dataset/7779","交通部觀光署: 2022-12-05T15:29:58+08:00","交通部觀光署: 2026-09-12T21:46:46+00:00",""
"Restaurant_395000000A_006400","有點巷","臺南市","中西區","臺南市中西區海安路二段75號","(06)2219288","","官方資料","https://data.gov.tw/dataset/7779","交通部觀光署: 2022-12-05T15:29:56+08:00","交通部觀光署: 2026-09-12T21:46:46+00:00",""
"Restaurant_395000000A_006401","新鳳鳴茶業有限公司","臺南市","安南區","臺南市安南區北安路二段139號","(06)2809893","","官方資料","https://data.gov.tw/dataset/7779","交通部觀光署: 2022-12-05T15:29:54+08:00","交通部觀光署: 2026-09-12T21:46:46+00:00",""
"Restaurant_395000000A_006402","阿妙意麵","臺南市","鹽水區","臺南市鹽水區康樂路67號","(06)6531031","","官方資料","https://data.gov.tw/dataset/7779","交通部觀光署: 2022-12-05T15:29:51+08:00","交通部觀光署: 2026-09-12T21:46:46+00:00",""
"Restaurant_395000000A_006403","陽光菓菓-Sunnygogo dried fruit","臺南市","歸仁區","臺南市歸仁區中山路一段2巷9號","(06)2305399","","官方資料","https://data.gov.tw/dataset/7779","交通部觀光署: 2022-12-05T15:29:49+08:00","交通部觀光署: 2026-09-12T21:46:46+00:00",""
"Restaurant_395000000A_006404","一品塘手工杏仁奶酪","臺南市","中西區","臺南市中西區海安路二段193號","(06)2201767","","官方資料","https://data.gov.tw/dataset/7779","交通部觀光署: 2022-12-05T15:29:48+08:00","交通部觀光署: 2026-09-12T21:46:46+00:00",""
"Restaurant_395000000A_006405","益生興蜜餞","臺南市","安平區","臺南市安平區延平街87號","(06)2232555","","官方資料","https://data.gov.tw/dataset/7779","交通部觀光署: 2026-02-03T08:35:40+08:00","交通部觀光署: 2026-09-12T21:46:46+00:00",""
"Restaurant_395000000A_006406","東東宴會式場-永大幸福館","臺南市","永康區","臺南市永康區大二段701號","(06)3015999","","官方資料","https://data.gov.tw/dataset/7779","交通部觀光署: 2022-12-05T15:29:43+08:00","交通部觀光署: 2026-09-12T21:46:46+00:00",""
"Restaurant_395000000A_006407","東悅坊","臺南市","永康區","臺南市永康區永大路二段701號","(06)3015888","","官方資料","https://data.gov.tw/dataset/7779","交通部觀光署: 2022-12-05T15:47:09+08:00","交通部觀光署: 2026-09-12T21:46:46+00:00",""
"Restaurant_395000000A_006411","Bark露天茶飲酒吧","臺南市","中西區","臺南市中西區海安路二段19號","0915695261","","官方資料","https://data.gov.tw/dataset/7779","交通部觀光署: 2022-12-05T15:29:42+08:00","交通部觀光署: 2026-09-12T21:46:46+00:00",""
"Restaurant_395000000A_006414","毛丼 丼飯專門店","臺南市","東區","臺南市東區東榮街105號","(06)2092499","","官方資料","https://data.gov.tw/dataset/7779","交通部觀光署: 2022-12-05T15:29:40+08:00","交通部觀光署: 2026-09-12T21:46:46+00:00",""
"Restaurant_395000000A_006415","小方舟串燒酒場","臺南市","東區","臺南市東區林森路2段59號","(06)2367399","","官方資料","https://data.gov.tw/dataset/7779","交通部觀光署: 2022-12-05T15:29:38+08:00","交通部觀光署: 2026-09-12T21:46:46+00:00",""
"Restaurant_395000000A_006477","勝立牛肉湯","臺南市","永康區","臺南市永康區勝學路88號","0919161820","","官方資料","https://data.gov.tw/dataset/7779","交通部觀光署: 2022-12-05T15:29:23+08:00","交通部觀光署: 2026-09-12T21:46:46+00:00",""
"Restaurant_395000000A_006479","西羅殿牛肉湯","臺南市","北區","臺南市北區公園南路98號","(06)2294056","","官方資料","https://data.gov.tw/dataset/7779","交通部觀光署: 2022-12-05T15:29:21+08:00","交通部觀光署: 2026-09-12T21:46:46+00:00",""
"Restaurant_395000000A_006480","台南市牛家莊牛肉湯","臺南市","中西區","臺南市中西區郡西路86號","(06)2222406","","官方資料","https://data.gov.tw/dataset/7779","交通部觀光署: 2025-11-13T08:21:20+08:00","交通部觀光署: 2026-09-12T21:46:46+00:00",""
"Restaurant_395000000A_006481","阿財牛肉湯","臺南市","安平區","臺南市安平區古堡街5號","(06)2261252","","官方資料","https://data.gov.tw/dataset/7779","交通部觀光署: 2022-12-05T15:29:17+08:00","交通部觀光署: 2026-09-12T21:46:46+00:00",""
"Restaurant_395000000A_006482","安平林牛肉湯","臺南市","安平區","臺南市安平區平生路13號","(06)2216966","","官方資料","https://data.gov.tw/dataset/7779","交通部觀光署: 2022-12-05T15:29:15+08:00","交通部觀光署: 2026-09-12T21:46:46+00:00",""
"Restaurant_395000000A_006483","億哥牛肉湯後甲店（南紡）","臺南市","東區","臺南市東區裕農路574號","(06)2602990","","官方資料","https://data.gov.tw/dataset/7779","交通部觀光署: 2022-12-05T15:29:12+08:00","交通部觀光署: 2026-09-12T21:46:46+00:00",""
"Restaurant_395000000A_006487","郭巧味牛肉店","臺南市","西港區","臺南市西港區後營里365之20號","(06)7952611","","官方資料","https://data.gov.tw/dataset/7779","交通部觀光署: 2024-11-25T08:50:03+08:00","交通部觀光署: 2026-09-12T21:46:46+00:00",""
"Restaurant_395000000A_006488","肯牛城牛肉湯","臺南市","歸仁區","臺南市歸仁區和平北街40號","(06)2300555","","官方資料","https://data.gov.tw/dataset/7779","交通部觀光署: 2022-12-05T15:29:08+08:00","交通部觀光署: 2026-09-12T21:46:46+00:00",""
"Restaurant_395000000A_006489","圓環牛肉湯","臺南市","中西區","臺南市中西區府前路二段153號","0910743200","","官方資料","https://data.gov.tw/dataset/7779","交通部觀光署: 2022-12-05T15:29:05+08:00","交通部觀光署: 2026-09-12T21:46:46+00:00",""
"Restaurant_395000000A_006491","潘家牛肉湯","臺南市","中西區","臺南市中西區國華街3段125號","0932831029","","官方資料","https://data.gov.tw/dataset/7779","交通部觀光署: 2022-12-05T15:28:59+08:00","交通部觀光署: 2026-09-12T21:46:46+00:00",""
"Restaurant_395000000A_006493","忠嫂牛肉湯","臺南市","東區","臺南市東區仁和路79號","0929692948","","官方資料","https://data.gov.tw/dataset/7779","交通部觀光署: 2018-12-13T15:41:57+08:00","交通部觀光署: 2026-09-12T21:46:46+00:00",""
"Restaurant_395000000A_006494","崇德牛肉湯","臺南市","東區","臺南市東區榮譽街290巷42號","(06)2606437","","官方資料","https://data.gov.tw/dataset/7779","交通部觀光署: 2022-12-05T15:28:57+08:00","交通部觀光署: 2026-09-12T21:46:46+00:00",""
"Restaurant_395000000A_006495","吳家土產牛肉湯","臺南市","東區","臺南市東區中華東路一段145號","(06)2742092","","官方資料","https://data.gov.tw/dataset/7779","交通部觀光署: 2022-12-05T15:28:54+08:00","交通部觀光署: 2026-09-12T21:46:46+00:00",""
"Restaurant_395000000A_006496","阿家牛肉湯","臺南市","南區","臺南市南區中華南路一段78號","0932804479","","官方資料","https://data.gov.tw/dataset/7779","交通部觀光署: 2018-12-13T15:41:57+08:00","交通部觀光署: 2026-09-12T21:46:46+00:00",""
"Restaurant_395000000A_006500","滋養軒","臺南市","新營區","臺南市新營區中山路254號","(06)6322322","","官方資料","https://data.gov.tw/dataset/7779","交通部觀光署: 2022-12-05T15:28:52+08:00","交通部觀光署: 2026-09-12T21:46:46+00:00",""
"Restaurant_395000000A_006502","阿滿牛肉湯","臺南市","南區","臺南市南區大成路2段31號","(06)2658532","","官方資料","https://data.gov.tw/dataset/7779","交通部觀光署: 2022-12-05T15:28:49+08:00","交通部觀光署: 2026-09-12T21:46:46+00:00",""
"Restaurant_395000000A_006503","美鮮牛肉湯","臺南市","南區","臺南市南區新興路419-1號","0932813566","","官方資料","https://data.gov.tw/dataset/7779","交通部觀光署: 2025-02-06T08:26:27+08:00","交通部觀光署: 2026-09-12T21:46:46+00:00",""
"Restaurant_395000000A_006505","文章牛肉湯","臺南市","安平區","臺南市安平區安平路590號","(06)2284626","","官方資料","https://data.gov.tw/dataset/7779","交通部觀光署: 2022-12-05T15:28:41+08:00","交通部觀光署: 2026-09-12T21:46:46+00:00",""
"Restaurant_395000000A_006506","三大牛肉火鍋","臺南市","永康區","臺南市永康區國光三街3號","(06)2712411","","官方資料","https://data.gov.tw/dataset/7779","交通部觀光署: 2022-12-05T15:28:38+08:00","交通部觀光署: 2026-09-12T21:46:46+00:00",""
"Restaurant_395000000A_006507","吉品現宰牛肉清湯","臺南市","永康區","臺南市永康區永大路一段300-3號","(06)2720775","","官方資料","https://data.gov.tw/dataset/7779","交通部觀光署: 2022-12-05T15:28:37+08:00","交通部觀光署: 2026-09-12T21:46:46+00:00",""
"Restaurant_395000000A_006508","阿宏牛肉湯","臺南市","永康區","臺南市永康區忠孝路383-1號","(06)3035876","","官方資料","https://data.gov.tw/dataset/7779","交通部觀光署: 2018-12-13T15:41:57+08:00","交通部觀光署: 2026-09-12T21:46:46+00:00",""
"Restaurant_395000000A_006509","劉家莊牛肉爐","臺南市","永康區","臺南市永康區四維街21號","(06)2335757","","官方資料","https://data.gov.tw/dataset/7779","交通部觀光署: 2025-11-13T08:22:18+08:00","交通部觀光署: 2026-09-12T21:46:46+00:00",""
"Restaurant_395000000A_006511","閻家土產牛肉湯","臺南市","仁德區","臺南市仁德區中正路一段271號1樓","(06)3660570","","官方資料","https://data.gov.tw/dataset/7779","交通部觀光署: 2022-12-05T15:28:28+08:00","交通部觀光署: 2026-09-12T21:46:46+00:00",""
"Restaurant_395000000A_006512","阿生牛肉湯","臺南市","關廟區","臺南市關廟區中山路1段281號","0933673994","","官方資料","https://data.gov.tw/dataset/7779","交通部觀光署: 2018-12-13T15:41:57+08:00","交通部觀光署: 2026-09-12T21:46:46+00:00",""
"Restaurant_395000000A_006513","阿昌牛肉湯","臺南市","關廟區","臺南市關廟區巡府路73號","(06)5959113","","官方資料","https://data.gov.tw/dataset/7779","交通部觀光署: 2022-12-05T15:28:25+08:00","交通部觀光署: 2026-09-12T21:46:46+00:00",""
"Restaurant_395000000A_006516","安仔牛肉","臺南市","麻豆區","臺南市麻豆區民族路9號","(06)5717457","","官方資料","https://data.gov.tw/dataset/7779","交通部觀光署: 2022-12-05T15:28:23+08:00","交通部觀光署: 2026-09-12T21:46:46+00:00",""
"Restaurant_395000000A_006518","其森牛肉湯","臺南市","麻豆區","臺南市麻豆區興民街1號","(06)5717112","","官方資料","https://data.gov.tw/dataset/7779","交通部觀光署: 2022-12-05T15:28:19+08:00","交通部觀光署: 2026-09-12T21:46:46+00:00",""
"Restaurant_395000000A_006519","牛狀元牛肉湯","臺南市","麻豆區","臺南市麻豆區麻佳路一段87-7號","(06)5719297","","官方資料","https://data.gov.tw/dataset/7779","交通部觀光署: 2022-12-05T15:28:16+08:00","交通部觀光署: 2026-09-12T21:46:46+00:00",""
"Restaurant_395000000A_006520","阿超牛肉湯","臺南市","佳里區","臺南市佳里區新生路339號","0929107950","","官方資料","https://data.gov.tw/dataset/7779","交通部觀光署: 2022-12-05T15:28:13+08:00","交通部觀光署: 2026-09-12T21:46:46+00:00",""
"Restaurant_395000000A_006521","順福牛肉湯","臺南市","佳里區","臺南市佳里區延平路324號","(06)7212845","","官方資料","https://data.gov.tw/dataset/7779","交通部觀光署: 2024-12-09T13:44:52+08:00","交通部觀光署: 2026-09-12T21:46:46+00:00",""
"Restaurant_395000000A_006522","順德土產牛肉湯","臺南市","學甲區","臺南市學甲區民權路59號","(06)7820161","","官方資料","https://data.gov.tw/dataset/7779","交通部觀光署: 2022-12-05T15:28:09+08:00","交通部觀光署: 2026-09-12T21:46:46+00:00",""
"Restaurant_395000000A_006523","福勝牛肉湯","臺南市","善化區","臺南市善化區光復路","(06)5819522","","官方資料","https://data.gov.tw/dataset/7779","交通部觀光署: 2025-03-03T08:15:29+08:00","交通部觀光署: 2026-09-12T21:46:46+00:00",""
"Restaurant_395000000A_006524","一品牛肉湯","臺南市","新市區","臺南市新市區中山路202-4號","(06)5991882","","官方資料","https://data.gov.tw/dataset/7779","交通部觀光署: 2022-12-05T15:28:04+08:00","交通部觀光署: 2026-09-12T21:46:46+00:00",""
"Restaurant_395000000A_006525","新市牛肉清湯","臺南市","新市區","臺南市新市區中正路220-1號","(06)5992604","","官方資料","https://data.gov.tw/dataset/7779","交通部觀光署: 2022-12-05T15:28:02+08:00","交通部觀光署: 2026-09-12T21:46:46+00:00",""
"Restaurant_395000000A_006527","有的蔬果汁專賣店","臺南市","中西區","臺南市中西區國華街3段198號","(06)2261399","","官方資料","https://data.gov.tw/dataset/7779","交通部觀光署: 2022-12-05T15:28:00+08:00","交通部觀光署: 2026-09-12T21:46:46+00:00",""
"Restaurant_395000000A_006530","牛之屋牛肉湯","臺南市","新化區","臺南市新化區復興路222號","(06)5904318","","官方資料","https://data.gov.tw/dataset/7779","交通部觀光署: 2021-03-04T12:00:11+08:00","交通部觀光署: 2026-09-12T21:46:46+00:00",""
"Restaurant_395000000A_006531","宇牛肉湯","臺南市","安南區","臺南市安南區安中路一段968號","0989207446","","官方資料","https://data.gov.tw/dataset/7779","交通部觀光署: 2022-12-05T15:27:54+08:00","交通部觀光署: 2026-09-12T21:46:46+00:00",""
"Restaurant_395000000A_006533","小北牛肉湯","臺南市","北區","臺南市北區西門路4段65巷85號","(06)2514600","","官方資料","https://data.gov.tw/dataset/7779","交通部觀光署: 2022-12-05T15:27:48+08:00","交通部觀光署: 2026-09-12T21:46:46+00:00",""
"Restaurant_395000000A_006569","拉麵屋","臺南市","安平區","臺南市安平區怡平路123號","(06)2999130","","官方資料","https://data.gov.tw/dataset/7779","交通部觀光署: 2022-12-05T15:27:39+08:00","交通部觀光署: 2026-09-12T21:46:46+00:00",""
"Restaurant_395000000A_006571","Mr.麵王","臺南市","永康區","臺南市永康區中華二路258號","(06)3036660","","官方資料","https://data.gov.tw/dataset/7779","交通部觀光署: 2022-12-05T15:27:37+08:00","交通部觀光署: 2026-09-12T21:46:46+00:00",""
"Restaurant_395000000A_006609","虱目魚主題館","臺南市","安平區","臺南市安平區漁光路128-2號","(06)3913330","","官方資料","https://data.gov.tw/dataset/7779","交通部觀光署: 2024-10-02T14:55:19+08:00","交通部觀光署: 2026-09-12T21:46:46+00:00",""
"Restaurant_395000000A_007793","舊振南台南旗艦店","臺南市","東區","臺南市東區林森路二段184號","(06)2387666","","官方資料","https://data.gov.tw/dataset/7779","交通部觀光署: 2024-12-19T14:44:40+08:00","交通部觀光署: 2026-09-12T21:46:46+00:00",""
"Restaurant_395000000A_007948","段純貞台南小西門","臺南市","中西區","臺南市中西區西門路一段658-1號小西門","(06)2133228","","官方資料","https://data.gov.tw/dataset/7779","交通部觀光署: 2022-12-05T15:47:17+08:00","交通部觀光署: 2026-09-12T21:46:46+00:00",""
"Restaurant_395000000A_008018","玉井阿月芒果冰","臺南市","玉井區","臺南市玉井區中正路135號","(06)5741798","","官方資料","https://data.gov.tw/dataset/7779","交通部觀光署: 2025-09-03T08:22:00+08:00","交通部觀光署: 2026-09-12T21:46:46+00:00",""
"Restaurant_395000000A_008051","府城食府正宗台南料理","臺南市","安平區","臺南市安平區華平路152號","(06)2951000","","官方資料","https://data.gov.tw/dataset/7779","交通部觀光署: 2022-12-05T15:32:39+08:00","交通部觀光署: 2026-09-12T21:46:46+00:00",""
"Restaurant_395000000A_008102","小葉布丁","臺南市","安平區","臺南市安平區安平路630號","(06)2222511","","官方資料","https://data.gov.tw/dataset/7779","交通部觀光署: 2025-03-28T13:38:09+08:00","交通部觀光署: 2026-09-12T21:46:46+00:00",""
"Restaurant_395000000A_008128","周氏豆花","臺南市","安平區","臺南市安平區安平路137號","(06)2238773","","官方資料","https://data.gov.tw/dataset/7779","交通部觀光署: 2022-12-05T15:48:05+08:00","交通部觀光署: 2026-09-12T21:46:46+00:00",""
"Restaurant_395000000A_008133","八寶彬圓仔惠","臺南市","安平區","臺南市安平區安平路784號","(06)2218877","","官方資料","https://data.gov.tw/dataset/7779","交通部觀光署: 2022-12-05T15:50:50+08:00","交通部觀光署: 2026-09-12T21:46:46+00:00",""
"Restaurant_395000000A_008136","南泉冰菓室","臺南市","安平區","臺南市安平區安平路270號","(06)3506666","","官方資料","https://data.gov.tw/dataset/7779","交通部觀光署: 2022-12-05T15:48:08+08:00","交通部觀光署: 2026-09-12T21:46:46+00:00",""
"Restaurant_395000000A_008137","藤喜家冰淇淋","臺南市","安平區","臺南市安平區安平路788號","0982088655","","官方資料","https://data.gov.tw/dataset/7779","交通部觀光署: 2022-12-05T15:30:01+08:00","交通部觀光署: 2026-09-12T21:46:46+00:00",""
"Restaurant_395000000A_008334","加南一作","臺南市","安平區","臺南市安平區運河路23巷23弄3號","0931713718","","官方資料","https://data.gov.tw/dataset/7779","交通部觀光署: 2022-12-05T16:08:09+08:00","交通部觀光署: 2026-09-12T21:46:46+00:00",""
"Restaurant_395000000A_008335","密密一鍋","臺南市","中西區","臺南市中西區府前路一段245號","(06)2156567","","官方資料","https://data.gov.tw/dataset/7779","交通部觀光署: 2022-12-05T16:08:11+08:00","交通部觀光署: 2026-09-12T21:46:46+00:00",""
"Restaurant_A15011100H_000018","七股 / 龍門客棧餐廳(獲選參加2010台灣美食展特色餐廳)","臺南市","七股區","臺南市七股區中寮里8-41號（七股鹽山光復國小旁）","(06)7800658","","官方資料","https://data.gov.tw/dataset/7779","交通部觀光署: 2021-06-28T09:37:11+08:00","交通部觀光署: 2026-09-12T21:46:46+00:00",""
"Restaurant_A15011100H_000019","田媽媽長盈海味屋","臺南市","北門區","臺南市北門區慈安里三寮灣484號","0917549736","","官方資料","https://data.gov.tw/dataset/7779","交通部觀光署: 2023-05-09T13:45:21+08:00","交通部觀光署: 2026-09-12T21:46:46+00:00",""
"Restaurant_A15011100H_000074","福隆餐廳(獲選參加2010台灣美食展特色餐廳)","臺南市","北門區","臺南市北門區永隆區港北37號","(06)7861588","","官方資料","https://data.gov.tw/dataset/7779","交通部觀光署: 2021-03-29T13:49:23+08:00","交通部觀光署: 2026-09-12T21:46:46+00:00",""
"Restaurant_A15011100H_000110","安南區 / 東香台菜海鮮餐廳(獲選參加2010台灣美食展特色餐廳)","臺南市","安南區","臺南市安南區安中路六段217號","(06)2573888","","官方資料","https://data.gov.tw/dataset/7779","交通部觀光署: 2022-01-13T11:55:28+08:00","交通部觀光署: 2026-09-12T21:46:46+00:00",""
"Restaurant_A15011100H_000113","鹽鄉民宿餐廳","臺南市","北門區","臺南市北門區永華里井仔腳57號","(06)7862643","","官方資料","https://data.gov.tw/dataset/7779","交通部觀光署: 2023-09-20T10:03:29+08:00","交通部觀光署: 2026-09-12T21:46:46+00:00",""
"Restaurant_A15011100H_000162","北門嶼輕食風味餐","臺南市","北門區","臺南市北門區永隆里北門3號之5","(06)7860303","","官方資料","https://data.gov.tw/dataset/7779","交通部觀光署: 2023-09-20T10:03:49+08:00","交通部觀光署: 2026-09-12T21:46:46+00:00",""
"Restaurant_A15011100H_000310","北門阿善師蚵嗲","臺南市","北門區","臺南市北門區北門村永隆宮廟前","0980688869","","官方資料","https://data.gov.tw/dataset/7779","交通部觀光署: 2022-03-04T14:08:21+08:00","交通部觀光署: 2026-09-12T21:46:46+00:00",""
"Restaurant_A15011100H_000311","三寮灣秀碧蚵嗲","臺南市","北門區","臺南市北門區慈安里三寮灣489號 (東隆宮廟前榕樹下)","0908503797","","官方資料","https://data.gov.tw/dataset/7779","交通部觀光署: 2024-04-11T17:06:38+08:00","交通部觀光署: 2026-09-12T21:46:46+00:00",""
"Restaurant_A15011100H_000312","馬沙溝吳家蚵嗲","臺南市","將軍區","臺南市將軍區91之1號","0919756748","","官方資料","https://data.gov.tw/dataset/7779","交通部觀光署: 2022-03-04T12:00:03+08:00","交通部觀光署: 2026-09-12T21:46:46+00:00",""
"Restaurant_A15011100H_000313","青鯤鯓秀里蚵嗲","臺南市","將軍區","臺南市將軍區鯤溟里鯤溟100號","(06)7920886","","官方資料","https://data.gov.tw/dataset/7779","交通部觀光署: 2022-03-04T11:58:28+08:00","交通部觀光署: 2026-09-12T21:46:46+00:00",""
"Restaurant_A15011100H_000314","青鯤鯓古早味蚵嗲","臺南市","將軍區","臺南市將軍區鯤鯓里 3-6 號","(06)7920871","","官方資料","https://data.gov.tw/dataset/7779","交通部觀光署: 2022-03-04T11:57:24+08:00","交通部觀光署: 2026-09-12T21:46:46+00:00",""
"Restaurant_A15011100H_000315","青鯤鯓尚好味蚵嗲","臺南市","將軍區","臺南市將軍區95號 (青鯤鯓派出所旁)","(06)7920969","","官方資料","https://data.gov.tw/dataset/7779","交通部觀光署: 2022-03-04T11:55:54+08:00","交通部觀光署: 2026-09-12T21:46:46+00:00",""
"Restaurant_A15011100H_000316","青鯤鯓美人蚵嗲","臺南市","將軍區","臺南市將軍區鯤鯓里226號","0933598802","","官方資料","https://data.gov.tw/dataset/7779","交通部觀光署: 2022-01-11T12:00:39+08:00","交通部觀光署: 2026-09-12T21:46:46+00:00",""
"Restaurant_A15011100H_000317","龍山阿宗蚵嗲蚵仔麵線","臺南市","七股區","臺南市七股區龍山村209-9號","(06)7873293","","官方資料","https://data.gov.tw/dataset/7779","交通部觀光署: 2020-04-07T09:48:08+08:00","交通部觀光署: 2026-09-12T21:46:46+00:00",""
"Restaurant_A15011100H_000318","龍山樂腳王蚵嗲","臺南市","七股區","臺南市七股區龍山里 91 號","0929800049","","官方資料","https://data.gov.tw/dataset/7779","交通部觀光署: 2022-01-11T11:57:26+08:00","交通部觀光署: 2026-09-12T21:46:46+00:00",""
"Restaurant_A15011100H_000319","龍山廟口蚵嗲","臺南市","七股區","臺南市七股區龍山里龍山宮廟埕","0916390858","","官方資料","https://data.gov.tw/dataset/7779","交通部觀光署: 2022-01-11T11:56:31+08:00","交通部觀光署: 2026-09-12T21:46:46+00:00",""
"Restaurant_A15011100H_000320","七股三不等蚵嗲","臺南市","七股區","臺南市七股區七股村 2-1 號","(06)7871224","","官方資料","https://data.gov.tw/dataset/7779","交通部觀光署: 2022-01-11T11:43:41+08:00","交通部觀光署: 2026-09-12T21:46:46+00:00",""
"Restaurant_A15011100H_000321","永吉蔡家古早味蚵嗲","臺南市","七股區","臺南市七股區永吉里 1-1 號","0927475698","","官方資料","https://data.gov.tw/dataset/7779","交通部觀光署: 2020-08-06T11:19:07+08:00","交通部觀光署: 2026-09-12T21:46:46+00:00",""
"Restaurant_A15011100H_000322","三股橋頭蚵嗲","臺南市","七股區","臺南市七股區三股橋頭海產街","0989101936","","官方資料","https://data.gov.tw/dataset/7779","交通部觀光署: 2020-08-06T11:03:16+08:00","交通部觀光署: 2026-09-12T21:46:46+00:00",""
"Restaurant_A15011100H_000323","三股橋頭姐妹蚵嗲","臺南市","七股區","臺南市七股區三股橋頭海產街 ( 四季海產對面 )","0911628885","","官方資料","https://data.gov.tw/dataset/7779","交通部觀光署: 2020-08-06T10:37:48+08:00","交通部觀光署: 2026-09-12T21:46:46+00:00",""
"Restaurant_A15011100H_000324","三股橋頭61線蚵嗲","臺南市","七股區","臺南市七股區三股橋頭海產街","0919757129","","官方資料","https://data.gov.tw/dataset/7779","交通部觀光署: 2022-01-11T11:28:51+08:00","交通部觀光署: 2026-09-12T21:46:46+00:00",""
"Restaurant_A15011100H_000325","三股橋頭阿國七股蚵嗲","臺南市","七股區","臺南市七股區三股橋頭海產街","0925085979","","官方資料","https://data.gov.tw/dataset/7779","交通部觀光署: 2022-03-04T11:24:41+08:00","交通部觀光署: 2026-09-12T21:46:46+00:00",""
"Restaurant_A15011100H_000328","蚵寮阿滿熱炒店蚵仔煎","臺南市","北門區","臺南市北門區保吉里蚵寮 287 號","(06)7863008","","官方資料","https://data.gov.tw/dataset/7779","交通部觀光署: 2022-01-06T14:19:14+08:00","交通部觀光署: 2026-09-12T21:46:46+00:00",""
"Restaurant_A15011100H_000329","南鯤鯓吳記燒酒螺","臺南市","北門區","臺南市北門區南鯤鯓代天府入口右邊紅綠燈下","(06)7863307","","官方資料","https://data.gov.tw/dataset/7779","交通部觀光署: 2020-08-04T15:01:43+08:00","交通部觀光署: 2026-09-12T21:46:46+00:00",""
"Restaurant_A15011100H_000331","三股肉粽","臺南市","七股區","臺南市七股區三股里 29 號","(06)7881646","","官方資料","https://data.gov.tw/dataset/7779","交通部觀光署: 2020-08-04T13:38:34+08:00","交通部觀光署: 2026-09-12T21:46:46+00:00",""
"Restaurant_A15011100H_000336","三股海鮮麵","臺南市","七股區","臺南市七股區三股里 17-2 號 ( 龍德宮廟前 )","(06)7861000","","官方資料","https://data.gov.tw/dataset/7779","交通部觀光署: 2022-03-04T10:25:29+08:00","交通部觀光署: 2026-09-12T21:46:46+00:00",""
"Restaurant_A15011100H_000337","家鄉傳統美味海鮮麵","臺南市","安南區","臺南市安南區城西街一段 9 號 ( 菜市場對面 )","0986036434","","官方資料","https://data.gov.tw/dataset/7779","交通部觀光署: 2022-01-06T11:50:22+08:00","交通部觀光署: 2026-09-12T21:46:46+00:00",""
"Restaurant_A15011100H_000339","蘆竹溝陽春麵","臺南市","北門區","臺南市北門區三光里蘆竹溝 300 號","(06)7850367","","官方資料","https://data.gov.tw/dataset/7779","交通部觀光署: 2020-07-23T11:27:08+08:00","交通部觀光署: 2026-09-12T21:46:46+00:00",""
"Restaurant_A15011100H_000340","土城郭家鱔魚意麵","臺南市","安南區","臺南市安南區城北里城北路 39-1 號","(06)2572988","","官方資料","https://data.gov.tw/dataset/7779","交通部觀光署: 2022-01-06T11:29:07+08:00","交通部觀光署: 2026-09-12T21:46:46+00:00",""
"Restaurant_A15011100H_000343","土城仔讚伯手工包子饅頭","臺南市","安南區","臺南市安南區城北里城北路 4 號","(06)2572577","","官方資料","https://data.gov.tw/dataset/7779","交通部觀光署: 2022-01-06T11:16:27+08:00","交通部觀光署: 2026-09-12T21:46:46+00:00",""
"Restaurant_A15011100H_000346","土城仔新厝魠魚羹","臺南市","安南區","臺南市安南區安中路6段446號之16","0986021198","","官方資料","https://data.gov.tw/dataset/7779","交通部觀光署: 2020-07-22T14:12:45+08:00","交通部觀光署: 2026-09-12T21:46:46+00:00",""
"Restaurant_A15011100H_000347","土城仔魚肚清虱目魚肚湯","臺南市","安南區","臺南市安南區安中路 6 段 486-3 號","0981064491","","官方資料","https://data.gov.tw/dataset/7779","交通部觀光署: 2020-07-22T11:01:42+08:00","交通部觀光署: 2026-09-12T21:46:46+00:00",""
"Restaurant_A15011100H_000355","北門豆花","臺南市","北門區","臺南市北門區北門村永隆里44號(永隆宮前廣場)","(06)7861901","","官方資料","https://data.gov.tw/dataset/7779","交通部觀光署: 2022-03-04T09:43:20+08:00","交通部觀光署: 2026-09-12T21:46:46+00:00",""
"Restaurant_A15011100H_000356","南鯤鯓豆花伯豆花","臺南市","將軍區","臺南市將軍區將富里 48-18 號 ( 將軍 7-11 對面 )","(06)7941271","","官方資料","https://data.gov.tw/dataset/7779","交通部觀光署: 2022-01-05T14:35:29+08:00","交通部觀光署: 2026-09-12T21:46:46+00:00",""
"Restaurant_A15011100H_000357","媽祖宮阿娥豆花","臺南市","安南區","臺南市安南區顯宮里媽祖宮路 228 號","(06)2841783","","官方資料","https://data.gov.tw/dataset/7779","交通部觀光署: 2022-01-05T14:34:51+08:00","交通部觀光署: 2026-09-12T21:46:46+00:00",""
"Restaurant_A15011100H_000360","蚵寮圓仔湯","臺南市","北門區","臺南市北門區蚵寮保安宮廟前廣場","0934302800","","官方資料","https://data.gov.tw/dataset/7779","交通部觀光署: 2020-07-21T14:57:47+08:00","交通部觀光署: 2026-09-12T21:46:46+00:00",""
"Restaurant_A15011100H_000361","國寶土豆豬腳","臺南市","安南區","臺南市安南區公學路七段 162-21 號","0911170481","","官方資料","https://data.gov.tw/dataset/7779","交通部觀光署: 2022-01-05T10:56:05+08:00","交通部觀光署: 2026-09-12T21:46:46+00:00",""
"Restaurant_A15011100H_000362","國姓土豆豬腳","臺南市","安南區","臺南市安南區安明路四段","(06)2577397","","官方資料","https://data.gov.tw/dataset/7779","交通部觀光署: 2022-03-04T09:27:34+08:00","交通部觀光署: 2026-09-12T21:46:46+00:00",""
"Restaurant_A15011100H_000364","北門五王橋烤地瓜","臺南市","北門區","臺南市北門區「台 17 線」道路急水溪五王大橋北端橋頭","(06)7863903","","官方資料","https://data.gov.tw/dataset/7779","交通部觀光署: 2020-07-21T11:54:22+08:00","交通部觀光署: 2026-09-12T21:46:46+00:00",""
"Restaurant_A15011100H_000365","七股莊記炭烤地瓜","臺南市","七股區","臺南市七股區七股里 ( 七股 7-11 前 )","0934303098","","官方資料","https://data.gov.tw/dataset/7779","交通部觀光署: 2020-07-21T10:59:45+08:00","交通部觀光署: 2026-09-12T21:46:46+00:00",""
"Restaurant_A15011100H_000495","亮哥生態風味體驗養殖場","臺南市","學甲區","臺南市學甲區平和里西平寮67-40號","0921517619","","官方資料","https://data.gov.tw/dataset/7779","交通部觀光署: 2023-03-08T09:50:14+08:00","交通部觀光署: 2026-09-12T21:46:46+00:00",""
"Restaurant_A15011200H_000040","密枝果農之家","臺南市","楠西區","臺南市楠西區密枝里6號","(06)5750035","","官方資料","https://data.gov.tw/dataset/7779","交通部觀光署: 2026-08-18T15:51:32+08:00","交通部觀光署: 2026-09-12T21:46:46+00:00",""
"Restaurant_A15011200H_000042","六甲黑輪伯(黑輪將)","臺南市","六甲區","臺南市六甲區六甲國中","0934083756","","官方資料","https://data.gov.tw/dataset/7779","交通部觀光署: 2026-08-18T15:34:39+08:00","交通部觀光署: 2026-09-12T21:46:46+00:00",""
"Restaurant_A15011200H_000043","大鋤花間咖啡生態農場","臺南市","東山區","臺南市東山區高原109-17號","(06)6864350","","官方資料","https://data.gov.tw/dataset/7779","交通部觀光署: 2026-08-18T15:31:55+08:00","交通部觀光署: 2026-09-12T21:46:46+00:00",""
"Restaurant_A15011200H_000048","瑪莎園-景觀庭園咖啡餐廳","臺南市","玉井區","臺南市玉井區沙田里25-66號","(06)5746809","","官方資料","https://data.gov.tw/dataset/7779","交通部觀光署: 2026-08-18T15:57:58+08:00","交通部觀光署: 2026-09-12T21:46:46+00:00",""
"Restaurant_A15011200H_000049","玉井有間冰舖芒果冰","臺南市","玉井區","臺南市玉井區中正路154號","(06)5742869","","官方資料","https://data.gov.tw/dataset/7779","交通部觀光署: 2026-08-18T15:41:55+08:00","交通部觀光署: 2026-09-12T21:46:46+00:00",""
"Restaurant_A15011200H_000069","良賓山海產店","臺南市","六甲區","臺南市六甲區中華路18號","(06)6982839","","官方資料","https://data.gov.tw/dataset/7779","交通部觀光署: 2026-08-18T15:43:40+08:00","交通部觀光署: 2026-09-12T21:46:46+00:00",""
"Restaurant_A15011200H_000082","原味山產美食","臺南市","白河區","臺南市白河區關嶺里43之2號","(06)6822205","","官方資料","https://data.gov.tw/dataset/7779","交通部觀光署: 2026-07-06T17:10:57+08:00","交通部觀光署: 2026-09-12T21:46:46+00:00",""
"Restaurant_A15011200H_000083","銓弘土雞城","臺南市","官田區","臺南市官田區八田路一段21巷66號","(06)6900220","","官方資料","https://data.gov.tw/dataset/7779","交通部觀光署: 2026-05-04T15:04:38+08:00","交通部觀光署: 2026-09-12T21:46:46+00:00",""
"Restaurant_A15011200H_000084","買記鍋燒意麵","臺南市","官田區","臺南市官田區中山路一段36號","(06)5792668","","官方資料","https://data.gov.tw/dataset/7779","交通部觀光署: 2026-05-04T15:04:23+08:00","交通部觀光署: 2026-09-12T21:46:46+00:00",""
"Restaurant_A15011200H_000085","黃金蕎麥探索館","臺南市","玉井區","臺南市玉井區內山公路288號","(06)5745610","","官方資料","https://data.gov.tw/dataset/7779","交通部觀光署: 2026-05-04T15:04:15+08:00","交通部觀光署: 2026-09-12T21:46:46+00:00",""
"Restaurant_A15011200H_000086","小歇冰舖","臺南市","南化區","臺南市南化區北寮里49號","0965742291","","官方資料","https://data.gov.tw/dataset/7779","交通部觀光署: 2026-07-06T17:05:54+08:00","交通部觀光署: 2026-09-12T21:46:46+00:00",""
"Restaurant_A15011200H_000088","崁頭山紅楓咖啡","臺南市","東山區","臺南市東山區南勢里7-1號","0919134377","","官方資料","https://data.gov.tw/dataset/7779","交通部觀光署: 2026-07-21T16:38:38+08:00","交通部觀光署: 2026-09-12T21:46:46+00:00",""
"Restaurant_A15011200H_000136","六甲媽祖廟剉冰","臺南市","六甲區","臺南市六甲區仁愛街28號","0936245605","","官方資料","https://data.gov.tw/dataset/7779","交通部觀光署: 2026-08-18T15:35:45+08:00","交通部觀光署: 2026-09-12T21:46:46+00:00",""
"Restaurant_A15011200H_000138","關子嶺香菇蛋","臺南市","白河區","臺南市白河區關嶺里關子嶺41-5號","0933669759","","官方資料","https://data.gov.tw/dataset/7779","交通部觀光署: 2026-07-06T17:14:05+08:00","交通部觀光署: 2026-09-12T21:46:46+00:00",""
